,,,Прайс на размещение рекламного ролика,,,,,,,,,,,,,,,,,,,,,,,,,,,,,,,,,,
GID,Регион,Город,Район,Название пакета,Категория ЖК,Дата застройки экранов,Класс жилья,Наименование ЖК,Адрес,"Коррдинаты (широта, долгота)",,Год сдачи дома,Этажность,Количество квартир,Количество жильцов,Всего экранов,Число экранов в холле,Всего холлов в доме,Число экранов в лифте,Всего лифтов в доме,Тип экрана,Способ показа,Формат,Хронометраж (сек),Блок,Кол-во показов в сутки/1 экран (сек),Период/дней,Кол-во показов в ЖК/период,Частота контакта рекламы c 1 жителем (Frequency),Количество контактов с рекламой (OTS),Стоимость 1000 контактов (CPT) с НДС для Федерального и крупного бизнеса,ФО/скрин с камеры,Фото,Цена за размещение на 1 экране/месяц руб. без НДС,Цена за размещение на 1 экране/месяц руб. в т.ч НДС 22%,"Стоимость размещения в 1 доме/1 месяц, руб. без НДС","Стоимость размещения в 1 доме/1 месяц, руб. в т.ч.НДС 22%"
U1,Республика Башкортостан,Уфа,Ленинский,Проспект,А,07.2025,Бизнес,ЖК Видинеевский,"улица Пархоменко, 156Б",54.743697,55.969246,2021,14,412,1 154,2,1,3,1,6,Горизонтальный 4*3,Digital (без звука),видеоролик,10,150,576,31,35712,5,5992,1335,100%,https://ibb.co/1S8hzvX,3279,4000,6557,8000
U1,Республика Башкортостан,Уфа,Ленинский,Проспект,А,07.2025,Бизнес,ЖК Видинеевский,"улица Пархоменко, 156В",54.744659,55.969713,2019,26,232,650,2,1,1,1,3,Горизонтальный 4*3,Digital (без звука),видеоролик,10,150,576,31,35712,17,11286,709,100%,https://ibb.co/1pfqR3G,3279,4000,6557,8000
U1,Республика Башкортостан,Уфа,Ленинский,Проспект,А,07.2025,Бизнес,ЖК Видинеевский,"улица Пархоменко, 156Г",54.744939,55.970603,2023,25,173,484,1,0,1,1,3,Горизонтальный 4*3,Digital (без звука),видеоролик,10,150,576,31,17856,9,4338,922,100%,,3279,4000,3279,4000
U1,Республика Башкортостан,Уфа,Ленинский,Проспект,А,07.2025,Бизнес,ЖК Видинеевский,"лица Пархоменко, 156Е",54.744482,55.972408,2025,26,233,652,3,0,1,3,3,Горизонтальный 4*3,Digital (без звука),видеоролик,10,150,576,31,53568,28,18229,658,100%,,3279,4000,9836,12000
U1,Республика Башкортостан,Уфа,Ленинский,Проспект,А,07.2025,Бизнес,ЖК Видинеевский,"улица Пархоменко, 156Ж",54.743999,55.972094,2024,15,289,809,4,2,1,2,4,Горизонтальный 4*3,Digital (без звука),видеоролик,10,150,576,31,71424,24,19566,818,100%,,3279,4000,13115,16000
U2,Республика Башкортостан,Уфа,Кировский,Зеленая Роща 2,Б,11.2025,Комфорт,ЖК  Южный,"улица Генерала Рыленко, 8",54.695476,55.989638,2021,28,301,843,3,1,1,2,4,Горизонтальный 4*3,Digital (без звука),видеоролик,10,150,576,31,53568,23,19473,616,100%,,3279,4000,9836,12000
U3,Республика Башкортостан,Уфа,Кировский,Центр,А,10.2025,Бизнес,ЖК Выбор первых,"улица Айская, 61",54.727375,55.976172,2024,10,329,921,5,0,5,5,5,Горизонтальный 4*3,Digital (без звука),видеоролик,10,150,576,31,89280,11,9900,2020,100%,,3279,4000,16393,20000
U4,Республика Башкортостан,Уфа,Калининский,Инорс_Сипайлово,Б,10.2025,Стандарт,ЖК Акварель,"улица Лётчика Кобелева, 1",54.778409,56.137887,2023,19,102,286,1,1,8,0,16,Горизонтальный 4*3,Digital (без звука),видеоролик,10,150,576,31,17856,1,288,13901,100%,,3279,4000,3279,4000
U4,Республика Башкортостан,Уфа,Калининский,Инорс_Сипайлово,Б,10.2025,Стандарт,ЖК Акварель,"улица Лётчика Кобелева, 3/3",54.778180,56.134411,2018,27,338,946,1,1,1,0,3,Горизонтальный 4*3,Digital (без звука),видеоролик,10,150,576,31,17856,8,7628,524,100%,,3279,4000,3279,4000
U4,Республика Башкортостан,Уфа,Калининский,Инорс_Сипайлово,Б,10.2025,Стандарт,ЖК Акварель,"улица Ферина, 33",54.777126,56.132030,2017,18,187,524,2,0,2,2,4,Вертикальный 4*3,Digital (без звука),видеоролик,10,150,576,31,35712,10,5064,1580,100%,,3279,4000,6557,8000
U5,Республика Башкортостан,Уфа,Ленинский,Центр,Б,10.2025,Бизнес,ЖК Старый центр,"улица Чернышевского, 26",54.731545,55.928831,2023,19,321,899,2,2,2,0,4,Горизонтальный 4*3,Digital (без звука),видеоролик,10,150,576,31,35712,8,7244,1104,100%,,3279,4000,6557,8000
U5,Республика Башкортостан,Уфа,Ленинский,Центр,Б,10.2025,Бизнес,ЖК Старый центр,"улица Коммунистическая, 15",54.729512,55.929083,2020,15,151,423,2,2,2,0,4,Горизонтальный 4*3,Digital (без звука),видеоролик,10,150,576,31,35712,8,3408,2348,100%,,3279,4000,6557,8000
U5,Республика Башкортостан,Уфа,Ленинский,Центр,Б,10.2025,Бизнес,ЖК Старый центр,"улица Чернышевского, 28",54.731326,55.929774,2012,18,111,311,1,1,1,0,2,Горизонтальный 4*3,Digital (без звука),видеоролик,10,150,576,31,17856,8,2505,1597,100%,,3279,4000,3279,4000
U5,Республика Башкортостан,Уфа,Ленинский,Центр,Б,10.2025,Бизнес,ЖК Старый центр,"улица Коммунистическая, 11/1",54.730157,55.927978,2018,27,271,759,1,1,1,0,3,Горизонтальный 4*3,Digital (без звука),видеоролик,10,150,576,31,17856,8,6116,654,100%,,3279,4000,3279,4000
U5,Республика Башкортостан,Уфа,Ленинский,Центр,Б,10.2025,Бизнес,ЖК Старый центр,"улица Коммунистическая, 11",54.729725,55.928023,2017,13,111,311,2,2,2,0,4,Горизонтальный 4*3,Digital (без звука),видеоролик,10,150,576,31,35712,8,2505,3194,100%,,3279,4000,6557,8000
U6,Республика Башкортостан,Уфа,Октябрьский,Проспект,А,10.2025,Бизнес,ЖК Семья,"улица Комсомольская, 94",54.748868,56.003652,2019,19,139,389,1,1,1,0,2,Горизонтальный 4*3,Digital (без звука),видеоролик,10,150,576,31,17856,8,3137,1275,100%,,3279,4000,3279,4000
U6,Республика Башкортостан,Уфа,Октябрьский,Проспект,А,10.2025,Бизнес,ЖК Семья,"улица Комсомольская, 106/3",54.750967,56.007218,2021,28,532,1 490,2,2,1,0,4,Горизонтальный 4*3,Digital (без звука),видеоролик,10,150,576,31,35712,16,24012,333,100%,,3279,4000,6557,8000
U6,Республика Башкортостан,Уфа,Октябрьский,Проспект,А,10.2025,Бизнес,ЖК Семья,"улица Николая Ковалёва, 1",54.748364,56.004775,2024,30,451,1 263,2,2,1,0,8,Горизонтальный 4*3,Digital (без звука),видеоролик,10,150,576,31,35712,16,20356,393,100%,,3279,4000,6557,8000
U7,Республика Башкортостан,Уфа,Советский,Зеленая Роща 1,Б,10.2025,Комфорт,ЖК Черемушки,"улица Минигали Губайдуллина, 10/1",54.722893,55.996555,2023,27,597,1 672,2,2,2,0,6,Горизонтальный 4*3,Digital (без звука),видеоролик,10,150,576,31,35712,8,13473,594,100%,,3279,4000,6557,8000
U8,Республика Башкортостан,Уфа,Советский,Зеленая Роща 2,Б,10.2025,Комфорт,ЖК Черемушки 2,"улица Минигали Губайдуллина, 10",54.722477,55.997435,2022,26,590,1 652,2,2,2,0,6,Горизонтальный 4*3,Digital (без звука),видеоролик,10,150,576,31,35712,8,13315,601,100%,,3279,4000,6557,8000
U8,Республика Башкортостан,Уфа,Советский,Зеленая Роща 3,Б,10.2025,Комфорт,ЖК Черемушки 2,"улица Минигали Губайдуллина, 10",54.722477,55.997435,2022,26,590,1 652,6,0,2,6,6,Вертикальный 4*3,Digital (без звука),видеоролик,10,150,576,31,107136,28,46159,520,100%,,3279,4000,19672,24000
U9,Республика Башкортостан,Уфа,Советский,Зеленая Роща 4,Б,10.2025,Комфорт,ЖК Черемушки 3,Минигали Губайдуллина 12,54.723288,55.995630,2025,26,578,1 618,2,2,2,0,6,Горизонтальный 4*3,Digital (без звука),видеоролик,10,150,576,31,35712,8,13044,613,100%,,3279,4000,6557,8000
U9,Республика Башкортостан,Уфа,Советский,Зеленая Роща 5,Б,10.2025,Комфорт,ЖК Черемушки 3,Минигали Губайдуллина 12,54.723288,55.995630,2025,26,578,1 618,5,0,2,5,6,Вертикальный 4*3,Digital (без звука),видеоролик,10,150,576,31,89280,23,37684,531,100%,,3279,4000,16393,20000
U10,Республика Башкортостан,Уфа,Ленинский,Центр,Б,10.2025,Комфорт,ЖК Арбат,"улица Мустая Карима, 16",54.729964,55.946681,2007,11,227,636,4,4,5,0,6,Горизонтальный 4*3,Digital (без звука),видеоролик,10,150,576,31,71424,6,4098,3904,100%,,3279,4000,13115,16000
U11,Республика Башкортостан,Уфа,Октябрьский,Проспект,А,10.2025,Комфорт,ЖК Искра,"улица Комсомольская, 156/1",54.764812,56.029083,2010,16,279,781,3,3,3,0,6,Горизонтальный 4*3,Digital (без звука),видеоролик,10,150,576,31,53568,8,6296,1906,100%,,3279,4000,9836,12000
U11,Республика Башкортостан,Уфа,Октябрьский,Проспект,А,10.2025,Комфорт,ЖК Искра,"улица Архитектора Рехмукова, 3",54.764355,56.028355,2010,17,51,143,1,1,1,0,2,Горизонтальный 4*3,Digital (без звука),видеоролик,10,150,576,31,17856,8,1151,3475,100%,,3279,4000,3279,4000
U12,Республика Башкортостан,Уфа,Советский,Зеленая Роща 1,А,10.2025,Бизнес,ЖК Ботанический сад,"улица Сагита Агиша, 19",54.726013,56.008799,2023,32,540,1 512,2,2,2,0,8,Горизонтальный 4*3,Digital (без звука),видеоролик,10,150,576,31,35712,8,12187,656,100%,,3279,4000,6557,8000
U13,Республика Башкортостан,Уфа,Кировский,Зеленая Роща 1,Б,10.2025,Комфорт,ЖК Бакалинская,"улица Бакалинская, 23",54.718770,55.988883,2014,26,252,706,3,1,1,2,4,Горизонтальный 4*3,Digital (без звука),видеоролик,10,150,576,31,53568,22,15545,772,100%,,3279,4000,9836,12000
U14,Республика Башкортостан,Уфа,Кировский,Зеленая Роща 2,Б,10.2025,Комфорт,ЖК Элементум,"улица Степана Кувыкина, 45",54.712721,56.000813,2024,20,797,2 232,6,6,6,0,12,Горизонтальный 4*3,Digital (без звука),видеоролик,10,150,576,31,107136,8,17987,1334,100%,,3279,4000,19672,24000
U15,Республика Башкортостан,Уфа,Кировский,Зеленая Роща 2,Б,10.2025,Комфорт,ЖК Элементум 2,"улица Менделеева, 128",54.713371,55.997992,2025,27,1 062,2 974,3,3,3,0,2,Горизонтальный 4*3,Digital (без звука),видеоролик,10,150,576,31,53568,8,23967,501,100%,,3279,4000,9836,12000
U15,Республика Башкортостан,Уфа,Кировский,Зеленая Роща 2,Б,10.2025,Комфорт,ЖК Элементум 2,"улица Бакалинская, 4",54.712825,55.998612,2021,19,411,1 151,4,4,6,0,8,Горизонтальный 4*3,Digital (без звука),видеоролик,10,150,576,31,71424,5,6184,2587,100%,,3279,4000,13115,16000
U16,Республика Башкортостан,Уфа,Советский,Центр,Б,11.2025,Стандарт,ЖК Эверест,"улица Бориса Домашникова, 22",54.740667,55.942737,2015,20,703,1 968,6,6,6,0,11,Горизонтальный 4*3,Digital (без звука),видеоролик,10,150,576,31,107136,8,15865,1513,100%,,3279,4000,19672,24000
U17,Республика Башкортостан,Уфа,Ленинский,Центр,Б,10.2025,Комфорт,ЖК Лилия,"улица Гафури, 56",54.730916,55.931122,2018,25,571,1 599,4,4,4,0,8,Горизонтальный 4*3,Digital (без звука),видеоролик,10,150,576,31,71424,8,12886,1242,100%,,3279,4000,13115,16000
U18,Республика Башкортостан,Уфа,Кировский,Зеленая Роща 2,Б,10.2025,Стандарт,ЖК Чистое небо ,"улица Кавказская, 17/1",54.707177,55.974825,2020,21,193,540,1,1,1,0,2,Горизонтальный 4*3,Digital (без звука),видеоролик,10,150,576,31,17856,8,4356,918,100%,,3279,4000,3279,4000
U19,Республика Башкортостан,Уфа,Кировский,Центр,Б,10.2025,Бизнес,ЖК Новомостовая,"улица Новомостовая, 8",54.717444,55.954065,2004,17,323,904,6,6,6,0,10,Горизонтальный 4*3,Digital (без звука),видеоролик,10,150,576,31,107136,8,7289,3292,100%,,3279,4000,19672,24000
U20,Республика Башкортостан,Уфа,Орджоникидзевский,Проспект,А,11.2025,Бизнес,ЖК Idel Tower,"проспект Октября, 107Б",54.783222,56.030395,2016,25,535,1 498,9,9,5,0,9,Горизонтальный 4*3,Digital (без звука),видеоролик,10,150,576,31,160704,15,21733,1656,100%,,3279,4000,29508,36000
U21,Республика Башкортостан,Уфа,Орджоникидзевский,Проспект,А,04.2026,Бизнес,ЖК Idel Tower 2,"проспект Октября, 107А",54.782786,56.031437,2018,34,1 379,3 861,10,0,5,10,12,Вертикальный 4*3,Digital (без звука),видеоролик,10,150,576,31,178560,30,117569,340,100%,,3279,4000,32787,40000
U22,Республика Башкортостан,Уфа,Советский,Проспект,Б,11.2025,Стандарт,ЖК Риверсайд,"улица Златоустовская, 20",54.750151,55.966003,2017,26,215,602,4,1,1,3,3,Горизонтальный 4*3,Digital (без звука),видеоролик,10,150,576,31,71424,36,21673,738,100%,,3279,4000,13115,16000
U23,Республика Башкортостан,Уфа,Октябрьский,Инорс_Сипайлово,Б,11.2025,Стандарт,ЖК Республика ,"улица Воинов-Интернационалистов, 5",54.780652,56.049250,2022,23,646,1 809,4,2,2,2,7,Горизонтальный 4*3,Digital (без звука),видеоролик,10,150,576,31,71424,15,27353,585,100%,,3279,4000,13115,16000
U23,Республика Башкортостан,Уфа,Октябрьский,Инорс_Сипайлово,Б,11.2025,Стандарт,ЖК Республика ,"улица Воинов-Интернационалистов, 7",54.780719,56.048073,2021,26,623,1 744,4,2,2,2,7,Горизонтальный 4*3,Digital (без звука),видеоролик,10,150,576,31,71424,16,27986,572,100%,,3279,4000,13115,16000
U24,Республика Башкортостан,Уфа,Октябрьский,Инорс_Сипайлово,Б,06.2026,Комфорт,ЖК Республика 1,"улица Уфимское Шоссе, 18/6",54.780730,56.046861,2020,20,239,669,3,0,1,3,3,Вертикальный 4*3,Digital (без звука),видеоролик,10,150,576,31,53568,21,14383,834,100%,,3279,4000,9836,12000
U25,Республика Башкортостан,Уфа,Калининский,Проспект,Б,11.2025,Стандарт,ЖК Изумрудный 1,"улица Шумавцова, 16",54.815166,56.076290,2018,13,205,574,4,4,4,0,5,Горизонтальный 4*3,Digital (без звука),видеоролик,10,150,576,31,71424,8,4626,3458,100%,,3279,4000,13115,16000
U26,Республика Башкортостан,Уфа,Калининский,Проспект,Б,11.2025,Стандарт,ЖК Изумрудный 2,"улица Шумавцова, 16",54.815166,56.076290,2018,13,205,574,4,0,4,4,5,Горизонтальный 4*3,Digital (без звука),видеоролик,10,150,576,31,71424,11,6415,2494,100%,,3279,4000,13115,16000
U27,Республика Башкортостан,Уфа,Калининский,Проспект,Б,11.2025,Стандарт,ЖК Изумрудный 3,"улица Нежинская, 27",54.814279,56.075490,2021,16,402,1 126,8,8,8,0,16,Горизонтальный 4*3,Digital (без звука),видеоролик,10,150,576,31,142848,8,9072,3527,100%,,3279,4000,26230,32000
U28,Республика Башкортостан,Уфа,Калининский,Проспект,Б,11.2025,Стандарт,ЖК Изумрудный 4,"улица Нежинская, 27",54.814279,56.075490,2021,16,402,1 126,8,0,8,8,16,Горизонтальный 4*3,Digital (без звука),видеоролик,10,150,576,31,142848,9,9677,3307,100%,,3279,4000,26230,32000
U29,Республика Башкортостан,Уфа,Октябрьский,Проспект,А,11.2025,Комфорт,ЖК Панорама,"улица Архитектора Рехмукова, 7",54.763077,56.031284,2015,25,385,1 078,3,3,3,0,7,Горизонтальный 4*3,Digital (без звука),видеоролик,10,150,576,31,53568,8,8689,1381,100%,,3279,4000,9836,12000
U30,Республика Башкортостан,Уфа,Октябрьский,Проспект,А,11.2025,Комфорт,ЖК Планета,"бульвар Давлеткильдеева, 18",54.762298,56.034266,2020,25,393,1 100,3,1,1,2,3,Горизонтальный 4*3,Digital (без звука),видеоролик,10,150,576,31,53568,26,28579,420,100%,,3279,4000,9836,12000
U30,Республика Башкортостан,Уфа,Октябрьский,Проспект,А,05.2026,Комфорт,ЖК Планета,"улица Рудольфа Нуреева, 10",54.760672,56.030925,2019,26,364,1 019,1,1,1,0,3,Горизонтальный 4*3,Digital (без звука),видеоролик,10,150,576,31,17856,8,8215,487,100%,,3279,4000,3279,4000
U31,Республика Башкортостан,Уфа,Октябрьский,Проспект,А,05.2026,Комфорт,ЖК Планета 2,"улица Рудольфа Нуреева, 14",54.762984,56.033018,2014,17,445,1 246,8,0,4,8,8,Вертикальный 4*3,Digital (без звука),видеоролик,10,150,576,31,142848,18,22764,1406,100%,,3279,4000,26230,32000
U32,Республика Башкортостан,Уфа,Октябрьский,Проспект,А,05.2026,Комфорт,ЖК Планета 3,"улица Рудольфа Нуреева, 14А",54.762272,56.032784,2015,18,249,697,6,0,3,6,6,Вертикальный 4*3,Digital (без звука),видеоролик,10,150,576,31,107136,19,13487,1780,100%,,3279,4000,19672,24000
U33,Республика Башкортостан,Уфа,Ленинский,Ленинский 1 Затон_мкрн. 8 Марта,Б,11.2025,Стандарт,ЖК 8 Марта 1,"улица Природная, 20",54.781275,55.962769,2021,17,431,1 207,2,2,2,0,4,Горизонтальный 4*3,Digital (без звука),видеоролик,10,150,576,31,35712,8,9727,822,100%,,3279,4000,6557,8000
U33,Республика Башкортостан,Уфа,Ленинский,Ленинский 1 Затон_мкрн. 8 Марта,Б,11.2025,Стандарт,ЖК 8 Марта 1,"улица Природная, 24",54.781124,55.964692,2024,17,448,1 254,2,0,2,2,4,Горизонтальный 4*3,Digital (без звука),видеоролик,10,150,576,31,35712,9,11459,698,100%,,3279,4000,6557,8000
U33,Республика Башкортостан,Уфа,Ленинский,Ленинский 1 Затон_мкрн. 8 Марта,Б,11.2025,Стандарт,ЖК 8 Марта 1,"улица Природная, 28",54.781316,55.966560,2025,26,309,865,2,1,1,1,3,Горизонтальный 4*3,Digital (без звука),видеоролик,10,150,576,31,35712,17,15032,532,100%,,3279,4000,6557,8000
U33,Республика Башкортостан,Уфа,Ленинский,Ленинский 1 Затон_мкрн. 8 Марта,Б,11.2025,Стандарт,ЖК 8 Марта 1,"улица Природная, 28/1",54.780652,55.965770,2025,26,309,865,2,1,1,1,3,Горизонтальный 4*3,Digital (без звука),видеоролик,10,150,576,31,35712,17,15032,532,100%,,3279,4000,6557,8000
U34,Республика Башкортостан,Уфа,Ленинский,Ленинский 1 Затон_мкрн. 8 Марта,Б,11.2025,Стандарт,ЖК 8 Марта 2,"улица Асхата Мирзагитова, 10",54.780273,55.961224,2021,17,441,1 235,4,2,2,2,4,Горизонтальный 4*3,Digital (без звука),видеоролик,10,150,576,31,71424,17,21232,754,100%,,3279,4000,13115,16000
U34,Республика Башкортостан,Уфа,Ленинский,Ленинский 1 Затон_мкрн. 8 Марта,Б,11.2025,Стандарт,ЖК 8 Марта 2,"улица Асхата Мирзагитова, 12",54.781358,55.961449,2021,17,441,1 235,2,1,2,1,4,Горизонтальный 4*3,Digital (без звука),видеоролик,10,150,576,31,35712,9,10616,754,100%,,3279,4000,6557,8000
U34,Республика Башкортостан,Уфа,Ленинский,Ленинский 1 Затон_мкрн. 8 Марта,Б,11.2025,Стандарт,ЖК 8 Марта 2,"улица Асхата Мирзагитова, 10/1",54.780226,55.962536,2022,17,431,1 207,4,2,2,2,4,Горизонтальный 4*3,Digital (без звука),видеоролик,10,150,576,31,71424,17,20751,771,100%,,3279,4000,13115,16000
U35,Республика Башкортостан,Уфа,Ленинский,Ленинский 1 Затон_мкрн. 8 Марта,Б,11.2025,Стандарт,Зеленый квартал (затон),"улица Дмитрия Купцова, 2",54.792774,55.844515,2021,25,244,683,2,1,1,1,1,Горизонтальный 4*3,Digital (без звука),видеоролик,10,150,576,31,35712,35,23862,335,100%,,3279,4000,6557,8000
U35,Республика Башкортостан,Уфа,Ленинский,Ленинский 1 Затон_мкрн. 8 Марта,Б,11.2025,Стандарт,Зеленый квартал (затон),"улица Дмитрия Купцова, 4",54.793165,55.845408,2021,26,244,683,2,1,1,1,3,Горизонтальный 4*3,Digital (без звука),видеоролик,10,150,576,31,35712,17,11870,674,100%,,3279,4000,6557,8000
U35,Республика Башкортостан,Уфа,Ленинский,Ленинский 1 Затон_мкрн. 8 Марта,Б,11.2025,Стандарт,Зеленый квартал (затон),"улица Дмитрия Купцова, 6",54.793407,55.846544,2021,26,249,697,2,1,1,1,3,Горизонтальный 4*3,Digital (без звука),видеоролик,10,150,576,31,35712,17,12113,660,100%,,3279,4000,6557,8000
U35,Республика Башкортостан,Уфа,Ленинский,Ленинский 1 Затон_мкрн. 8 Марта,Б,11.2025,Стандарт,Зеленый квартал (затон),"улица Гази Загитова, 7",54.789592,55.847040,2022,26,298,834,1,1,1,0,3,Горизонтальный 4*3,Digital (без звука),видеоролик,10,150,576,31,17856,8,6725,595,100%,,3279,4000,3279,4000
U35,Республика Башкортостан,Уфа,Ленинский,Ленинский 1 Затон_мкрн. 8 Марта,Б,11.2025,Стандарт,Зеленый квартал (затон),улица Новоуфимская 15,54.795722,55.878427,2021,20,456,1 277,4,2,2,2,4,Горизонтальный 4*3,Digital (без звука),видеоролик,10,150,576,31,71424,19,24012,666,100%,,3279,4000,13115,16000
U36,Республика Башкортостан,Уфа,Дёмский,Дёмский_мкрн. Цветы Башкирии,А,11.2025,Комфорт,ЖК Семь звёзд,"улица Правды, 18/4",54.703752,55.833203,2023,28,280,784,2,1,1,1,3,Горизонтальный 4*3,Digital (без звука),видеоролик,10,150,576,31,35712,18,14183,564,100%,,3279,4000,6557,8000
U37,Республика Башкортостан,Уфа,Кировский,Зеленая Роща 1,Б,12.2025,Комфорт,ЖК Гурьевский,"улица Караидельская, 54/1",54.714302,55.989944,2020,18,454,1 271,4,0,2,4,4,Горизонтальный 4*3,Digital (без звука),видеоролик,10,150,576,31,71424,19,24590,651,100%,,3279,4000,13115,16000
U38,Республика Башкортостан,Уфа,Калининский,Инорс_Сипайлово,А,12.2025,Комфорт,ЖК Черниковские высотки,"улица Орджоникидзе, 19/2",54.806844,56.129703,2019,27,597,1 672,2,2,1,0,3,Горизонтальный 4*3,Digital (без звука),видеоролик,10,150,576,31,35712,16,26946,297,100%,,3279,4000,6557,8000
U39,Республика Башкортостан,Уфа,Калининский,Инорс_Сипайлово,А,12.2025,Стандарт,ЖК Полесье,"бульвар Баландина, 4",54.781290,56.136315,2012,16,95,266,2,0,1,2,2,Горизонтальный 4*3,Digital (без звука),видеоролик,10,150,576,31,35712,17,4574,1749,100%,,3279,4000,6557,8000
U39,Республика Башкортостан,Уфа,Калининский,Инорс_Сипайлово,А,12.2025,Стандарт,ЖК Полесье,"улица Валерия Лесунова, 10/1",54.782651,56.136540,2014,16,356,997,4,0,5,4,8,Вертикальный 4*3,Digital (без звука),видеоролик,10,150,576,31,71424,9,8570,1867,100%,,3279,4000,13115,16000
U40,Республика Башкортостан,Уфа,Калининский,Инорс_Сипайлово,А,12.2025,Стандарт,ЖК Полесье 2,"улица Валерия Лесунова, 6А",54.785226,56.136800,2015,18,79,221,2,0,1,2,2,Горизонтальный 4*3,Digital (без звука),видеоролик,10,150,576,31,35712,19,4279,1870,100%,,3279,4000,6557,8000
U41,Республика Башкортостан,Уфа,Калининский,Инорс_Сипайлово,А,12.2025,Стандарт,ЖК Полесье 3,"улица Сельская Богородская, 35",54.787131,56.135048,2017,18,193,540,3,0,3,3,6,Вертикальный 4*3,Digital (без звука),видеоролик,10,150,576,31,53568,10,5227,2296,100%,,3279,4000,9836,12000
U42,Республика Башкортостан,Уфа,Советский,Центр,А,12.2025,Комфорт,ЖК Петропавловский,"улица Пархоменко, 123",54.739643,55.965375,2022,25,890,2 492,8,4,4,4,4,Горизонтальный 4*3,Digital (без звука),видеоролик,10,150,576,31,142848,35,87037,368,100%,,3279,4000,26230,32000
U43,Республика Башкортостан,Уфа,Кировский,Зеленая Роща 1,Б,12.2025,Стандарт,ЖК на Караидельской,"улица Караидельская, 60",54.716435,55.987482,2015,25,248,694,3,1,1,2,4,Горизонтальный 4*3,Digital (без звука),видеоролик,10,150,576,31,53568,21,14925,804,100%,,3279,4000,9836,12000
U43,Республика Башкортостан,Уфа,Кировский,Зеленая Роща 1,Б,12.2025,Стандарт,ЖК на Караидельской,"улица Караидельская, 62",54.716887,55.987383,2015,25,254,711,3,1,1,2,4,Горизонтальный 4*3,Digital (без звука),видеоролик,10,150,576,31,53568,21,15286,785,100%,,3279,4000,9836,12000
U44,Республика Башкортостан,Уфа,Октябрьский,Проспект,А,12.2025,Комфорт,ЖК Зорге парк,"улица Рихарда Зорге, 13/1",54.751663,55.984760,2023,26,407,1 140,3,0,1,3,3,Горизонтальный 4*3,Digital (без звука),видеоролик,10,150,576,31,53568,28,31842,377,100%,,3279,4000,9836,12000
U44,Республика Башкортостан,Уфа,Октябрьский,Проспект,А,12.2025,Комфорт,ЖК Зорге парк,"улица Рихарда Зорге, 17/8",54.753513,55.982613,2024,10,81,227,2,1,1,1,2,Горизонтальный 4*3,Digital (без звука),видеоролик,10,150,576,31,35712,13,3047,2626,100%,,3279,4000,6557,8000
U44,Республика Башкортостан,Уфа,Октябрьский,Проспект,А,12.2025,Комфорт,ЖК Зорге парк,"улица Рихарда Зорге, 15/3",54.752225,55.981931,2023,16,338,946,4,0,2,4,4,Горизонтальный 4*3,Digital (без звука),видеоролик,10,150,576,31,71424,17,16273,983,100%,,3279,4000,13115,16000
U45,Республика Башкортостан,Уфа,Советский,Центр,Б,12.2025,Комфорт,ЖК на Революционной,"улица Революционная, 72",54.732615,55.969085,2012,20,126,353,1,1,1,0,2,Горизонтальный 4*3,Digital (без звука),видеоролик,10,150,576,31,17856,8,2844,1407,100%,,3279,4000,3279,4000
U45,Республика Башкортостан,Уфа,Советский,Центр,Б,12.2025,Комфорт,ЖК на Революционной,"улица Революционная, 70",54.732693,55.968159,2011,20,132,370,3,1,1,2,2,Горизонтальный 4*3,Digital (без звука),видеоролик,10,150,576,31,53568,30,10923,1099,100%,,3279,4000,9836,12000
U45,Республика Башкортостан,Уфа,Советский,Центр,Б,12.2025,Комфорт,ЖК на Революционной,"улица Ветошникова, 131",54.729897,55.971393,2004,10,122,342,2,0,2,2,2,Вертикальный 4*3,Digital (без звука),видеоролик,10,150,576,31,35712,11,3671,2179,100%,,3279,4000,6557,8000
U46,Республика Башкортостан,Уфа,Кировский,Дёмский_мкрн. Цветы Башкирии,Б,03.2026,Комфорт,ЖК Цветы Башкирии 1,"улица Даяна Мурзина, 5",54.670285,55.922929,2024,7,407,1 140,8,0,8,8,8,Горизонтальный 4*3,Digital (без звука),видеоролик,10,150,576,31,142848,8,8573,3733,100%,,3279,4000,26230,32000
U47,Республика Башкортостан,Уфа,Кировский,Дёмский_мкрн. Цветы Башкирии,Б,03.2026,Комфорт,ЖК Цветы Башкирии 2,"улица Академика Курчатова, 114",54.671196,55.914377,2025,7,476,1 333,8,0,8,8,8,Горизонтальный 4*3,Digital (без звука),видеоролик,10,150,576,31,142848,8,10026,3192,100%,,3279,4000,26230,32000
U48,Республика Башкортостан,Уфа,Кировский,Дёмский_мкрн. Цветы Башкирии,Б,12.2025,Комфорт,ЖК Цветы Башкирии 3,"улица Даяна Мурзина, 9",54.672627,55.920055,2021,7,395,1 106,6,0,6,6,6,Горизонтальный 4*3,Digital (без звука),видеоролик,10,150,576,31,107136,8,8320,2885,100%,,3279,4000,19672,24000
U49,Республика Башкортостан,Уфа,Орджоникидзевский,Проспект,Б,12.2025,Бизнес,ЖК Парус,"проспект Октября, 152к1",54.785117,56.035596,2010,23,160,448,3,0,1,3,3,Горизонтальный 4*3,Digital (без звука),видеоролик,10,150,576,31,53568,25,11073,1084,100%,,3279,4000,9836,12000
U50,Республика Башкортостан,Уфа,Октябрьский ,Инорс_Сипайлово,Б,12.2025,Комфорт,ЖК на Академика Королева 35,"улица Академика Королёва, 35",54.772712,56.084356,2007,15,114,319,2,1,1,1,2,Горизонтальный 4*3,Digital (без звука),видеоролик,10,150,576,31,35712,16,5146,1555,100%,,3279,4000,6557,8000
U50,Республика Башкортостан,Уфа,Октябрьский ,Инорс_Сипайлово,Б,12.2025,Комфорт,ЖК на Академика Королева 35,"улица Академика Королёва, 29/2",54.771570,56.081814,1993,12,48,134,2,0,1,2,2,Вертикальный 4*3,Digital (без звука),видеоролик,10,150,576,31,35712,13,1733,4616,100%,,3279,4000,6557,8000
U51,Республика Башкортостан,Уфа,Кировский,Зеленая Роща 1,Б,01.2026,Комфорт,ЖК Грин Дом,"улица Бакалинская, 33/2",54.716653,55.982568,2019,20,81,227,4,0,1,4,2,Горизонтальный 4*3,Digital (без звука),видеоролик,10,150,576,31,71424,43,9749,1641,100%,,3279,4000,13115,16000
U52,Республика Башкортостан,Уфа,Калининский,Инорс_Сипайлово,Б,02.2026,Комфорт,ЖК Нью-Йорт,"улица Орджоникидзе, 34",54.805603,56.130817,2025,16,193,540,4,0,2,4,4,Горизонтальный 4*3,Digital (без звука),видеоролик,10,150,576,31,71424,17,9292,1722,100%,,3279,4000,13115,16000
U52,Республика Башкортостан,Уфа,Калининский,Инорс_Сипайлово,Б,02.2026,Комфорт,ЖК Нью-Йорт,"улица Орджоникидзе, 30",54.805116,56.128302,2022,16,220,616,3,0,3,3,3,Вертикальный 4*3,Digital (без звука),видеоролик,10,150,576,31,53568,17,10592,1133,100%,,3279,4000,9836,12000
U52,Республика Башкортостан,Уфа,Калининский,Инорс_Сипайлово,Б,02.2026,Комфорт,ЖК Нью-Йорт,"улица Орджоникидзе, 30/1",54.804830,56.129146,2018,16,258,722,3,0,3,3,3,Вертикальный 4*3,Digital (без звука),видеоролик,10,150,576,31,53568,17,12421,966,100%,,3279,4000,9836,12000
U53,Республика Башкортостан,Уфа,Ленинский,Ленинский 1 Затон_мкрн. 8 Марта,Б,02.2026,Комфорт,ЖК Новаленд 1,"проспект Дружбы Народов, 53",54.770245,55.902861,2021,24,479,1 341,10,0,8,10,12,Горизонтальный 4*3,Digital (без звука),видеоролик,10,150,576,31,178560,21,28827,1388,100%,,3279,4000,32787,40000
U54,Республика Башкортостан,Уфа,Ленинский,Ленинский 1 Затон_мкрн. 8 Марта,Б,03.2026,Комфорт,ЖК Новаленд 2,"проспект Дружбы Народов, 49",54.769638,55.906445,2025,25,270,756,3,0,1,3,3,Горизонтальный 4*3,Digital (без звука),видеоролик,10,150,576,31,53568,27,20311,591,100%,,3279,4000,9836,12000
U54,Республика Башкортостан,Уфа,Ленинский,Ленинский 1 Затон_мкрн. 8 Марта,Б,03.2026,Комфорт,ЖК Новаленд 2,"проспект Дружбы Народов, 51/1",54.770235,55.904622,2025,25,269,753,3,0,1,3,3,Горизонтальный 4*3,Digital (без звука),видеоролик,10,150,576,31,53568,27,20236,593,100%,,3279,4000,9836,12000
U54,Республика Башкортостан,Уфа,Ленинский,Ленинский 1 Затон_мкрн. 8 Марта,Б,03.2026,Комфорт,ЖК Новаленд 2,"проспект Дружбы Народов, 55",54.771409,55.901747,2022,25,269,753,3,0,1,3,3,Горизонтальный 4*3,Digital (без звука),видеоролик,10,150,576,31,53568,27,20236,593,100%,,3279,4000,9836,12000
U55,Республика Башкортостан,Уфа,Ленинский,Ленинский 1 Затон_мкрн. 8 Марта,Б,05.2026,Комфорт,ЖК Новаленд 3,"проспект Дружбы Народов, 51",54.769965,55.905565,2025,25,270,756,3,0,1,3,3,Вертикальный 4*3,Digital (без звука),видеоролик,10,150,576,31,53568,27,20311,591,100%,,3279,4000,9836,12000
U56,Республика Башкортостан,Уфа,Ленинский,Ленинский 1 Затон_мкрн. 8 Марта,Б,07.2026,Комфорт,ЖК Новаленд 4,"улица Майора Доставалова, 9",54.767077,55.904244,2025,25,289,809,3,0,1,3,3,Вертикальный 4*3,Digital (без звука),видеоролик,10,150,576,31,53568,27,21741,552,100%,,3279,4000,9836,12000
U56,Республика Башкортостан,Уфа,Ленинский,Ленинский 1 Затон_мкрн. 8 Марта,Б,07.2026,Комфорт,ЖК Новаленд 4,"улица Майора Доставалова, 7",54.767643,55.90389,2024,25,289,809,3,0,1,3,3,Вертикальный 4*3,Digital (без звука),видеоролик,10,150,576,31,53568,27,21741,552,100%,,3279,4000,9836,12000
U56,Республика Башкортостан,Уфа,Ленинский,Ленинский 1 Затон_мкрн. 8 Марта,Б,07.2026,Комфорт,ЖК Новаленд 4,"улица Майора Доставалова, 3",54.769497,55.903660,2024,18,186,521,2,0,1,2,3,Вертикальный 4*3,Digital (без звука),видеоролик,10,150,576,31,35712,13,6716,1191,100%,,3279,4000,6557,8000
U56,Республика Башкортостан,Уфа,Ленинский,Ленинский 1 Затон_мкрн. 8 Марта,Б,07.2026,Комфорт,ЖК Новаленд 4,"улица Михаила Зайцева, 4",54.768916,55.906292,2024,17,186,521,2,0,1,2,2,Вертикальный 4*3,Digital (без звука),видеоролик,10,150,576,31,35712,18,9515,841,100%,,3279,4000,6557,8000
U57,Республика Башкортостан,Уфа,Кировский,Зеленая Роща 2,А,03.2026,Комфорт,ЖК Белая река,"улица Бородинская, 9",54.682799,55.985326,2020,25,936,2 621,8,0,4,8,9,Вертикальный 4*3,Digital (без звука),видеоролик,10,150,576,31,142848,24,62589,511,100%,,3279,4000,26230,32000
U58,Республика Башкортостан,Уфа,Советский,Проспект,А,03.2026,Комфорт,ЖК Smart Plaza,"улица Заводская, 15/3",54.738323,55.994561,2021,27,456,1 277,2,2,2,0,6,Горизонтальный 4*3,Digital (без звука),видеоролик,10,150,576,31,35712,8,10291,777,100%,,3279,4000,6557,8000
U59,Республика Башкортостан,Уфа,Октябрьский,Проспект,А,03.2026,Комфорт,ЖК на Комсомольской,"улица Комсомольская, 139 ",54.760558,56.015132,2008,16,109,305,4,0,2,4,4,Горизонтальный 4*3,Digital (без звука),видеоролик,10,150,576,31,71424,17,5248,3049,100%,,3279,4000,13115,16000
U60,Республика Башкортостан,Уфа,Кировский,Центр,Б,03.2026,Комфорт,ЖК Лайт,"улица Кирова, 130",54.725540,55.982586,2022,25,720,2 016,8,2,3,6,6,Горизонтальный 4*3,Digital (без звука),видеоролик,10,150,576,31,142848,32,64996,492,100%,,3279,4000,26230,32000
U61,Республика Башкортостан,Уфа,Кировский,Зеленая Роща 2,Б,03.2026,Комфорт,ЖК На Исмагилова,"улица Загира Исмагилова, 21",54.698359,55.979595,2014,17,75,210,2,0,1,2,2,Горизонтальный 4*3,Digital (без звука),видеоролик,10,150,576,31,35712,18,3837,2085,100%,,3279,4000,6557,8000
U62,Республика Башкортостан,Уфа,Ленинский,Центр,Б,03.2026,Комфорт,ЖК Красинский,"улица Красина, 19/1",54.734071,55.933062,2022,19,118,330,2,0,1,2,2,Горизонтальный 4*3,Digital (без звука),видеоролик,10,150,576,31,35712,20,6746,1186,100%,,3279,4000,6557,8000
U62,Республика Башкортостан,Уфа,Ленинский,Центр,Б,03.2026,Комфорт,ЖК Красинский,"улица Гафури, 88/1",54.734944,55.933781,2024,20,139,389,2,0,1,2,2,Вертикальный 4*3,Digital (без звука),видеоролик,10,150,576,31,35712,21,8365,956,100%,,3279,4000,6557,8000
U63,Республика Башкортостан,Уфа,Кировский,Центр,Б,03.2026,Комфорт,ЖК Аксаковский Сад,"улица Октябрьской Революции, 48/1",54.718900,55.957694,2012,10,183,512,4,0,4,4,4,Вертикальный 4*3,Digital (без звука),видеоролик,10,150,576,31,71424,11,5507,2906,100%,,3279,4000,13115,16000
U63,Республика Башкортостан,Уфа,Кировский,Центр,Б,03.2026,Комфорт,ЖК Аксаковский Сад,"улица Новомостовая, 22",54.719747,55.956643,2014,10,104,291,3,0,3,3,3,Вертикальный 4*3,Digital (без звука),видеоролик,10,150,576,31,53568,11,3129,3835,100%,,3279,4000,9836,12000
U123,Республика Башкортостан,Уфа,Октябрьский,Инорс_Сипайлово,Б,04.2026,Комфорт,ЖК Видный 1,"улица Российская, 47/1",54.776487,56.038731,2019,17,136,381,1,0,1,1,2,Вертикальный 4*3,Digital (без звука),видеоролик,10,150,576,31,17856,9,3478,1150,100%,,3279,4000,3279,4000
U124,Республика Башкортостан,Уфа,Октябрьский,Инорс_Сипайлово,Б,04.2026,Комфорт,ЖК Видный 1,"улица Российская, 47/2",54.775818,56.039863,2021,17,269,753,3,0,3,3,6,Вертикальный 4*3,Digital (без звука),видеоролик,10,150,576,31,53568,9,6880,1744,100%,,3279,4000,9836,12000
U125,Республика Башкортостан,Уфа,Октябрьский,Инорс_Сипайлово,Б,04.2026,Комфорт,ЖК Видный 2,"улица Российская, 47/3",54.776487,56.040644,2020,17,439,1 229,8,0,8,8,16,Вертикальный 4*3,Digital (без звука),видеоролик,10,150,576,31,142848,9,11228,2850,100%,,3279,4000,26230,32000
U65,Республика Башкортостан,Уфа,Кировский,Зеленая Роща 2,Б,04.2026,Стандарт,ЖК квартал Колгуевский,"улица Файзи Гаскарова, 9",54.690038,55.997831,2011,17,80,224,2,0,1,2,2,Вертикальный 4*3,Digital (без звука),видеоролик,10,150,576,31,35712,18,4092,1955,100%,,3279,4000,6557,8000
U66,Республика Башкортостан,Уфа,Октябрьский,Проспект,А,04.2026,Бизнес,ЖК The Prime,"проспект Октября, 75",54.768225,56.019786,2025,25,828,2 318,8,0,1,8,4,Вертикальный 4*3,Digital (без звука),видеоролик,10,150,576,31,142848,54,124575,257,100%,,3279,4000,26230,32000
U67,Республика Башкортостан,Уфа,Советский,Центр,Б,04.2026,Комфорт,ЖК Арена,"бульвар Ибрагимова, 46",54.741358,55.960101,2003,9,86,241,5,0,4,5,5,Вертикальный 4*3,Digital (без звука),видеоролик,10,150,576,31,89280,10,2329,8587,100%,,3279,4000,16393,20000
U67,Республика Башкортостан,Уфа,Советский,Центр,Б,04.2026,Комфорт,ЖК Арена,"улица Цюрупы, 145/1",54.740906,55.958907,2007,14,136,381,4,0,4,4,5,Вертикальный 4*3,Digital (без звука),видеоролик,10,150,576,31,71424,12,4583,3491,100%,,3279,4000,13115,16000
U68,Республика Башкортостан,Уфа,Ленинский,Центр,Б,04.2026,Комфорт,ЖК Аксаковский ,"улица Аксакова, 56",54.729548,55.937176,2002,11,62,174,2,0,2,2,4,Вертикальный 4*3,Digital (без звука),видеоролик,10,150,576,31,35712,6,1026,7797,100%,,3279,4000,6557,8000
U69,Республика Башкортостан,Уфа,Ленинский,Центр,Б,04.2026,Комфорт,Квартал дом Профсоюзов,"улица Карла Маркс, 53/1",54.732756,55.943159,2001,15,41,115,2,0,1,2,2,Вертикальный 4*3,Digital (без звука),видеоролик,10,150,576,31,35712,16,1851,4323,100%,,3279,4000,6557,8000
U69,Республика Башкортостан,Уфа,Ленинский,Центр,Б,04.2026,Комфорт,Квартал дом Профсоюзов,"улица Гоголя, 78",54.732870,55.941821,2016,20,114,319,2,0,1,2,2,Вертикальный 4*3,Digital (без звука),видеоролик,10,150,576,31,35712,21,6861,1166,100%,,3279,4000,6557,8000
U70,Республика Башкортостан,Уфа,Дёмский,Дёмский_мкрн. Цветы Башкирии,А,05.2026,Комфорт,ЖК Яркий квартал МАДРИД,"улица Кустаревская Набережная, 13",54.696891,55.853211,2022,22,231,647,3,0,1,3,2,Вертикальный 4*3,Digital (без звука),видеоролик,10,150,576,31,53568,35,22938,523,100%,,3279,4000,9836,12000
U71,Республика Башкортостан,Уфа,Кировский,Центр,А,05.2026,Бизнес,Квартал Университетский,"улица Пушкина, 82",54.722794,55.937877,2006,9,72,202,3,0,3,3,3,Вертикальный 4*3,Digital (без звука),видеоролик,10,150,576,31,53568,10,1950,6154,100%,,3279,4000,9836,12000
U72,Республика Башкортостан,Уфа,Кировский,Зеленая Роща 1,Б,05.2026,Комфорт,Квартал Дружба,"улица Большая Московская, 15 ",54.712732,55.978804,2016,18,183,512,2,0,2,2,4,Вертикальный 4*3,Digital (без звука),видеоролик,10,150,576,31,35712,10,4956,1614,100%,,3279,4000,6557,8000
U72,Республика Башкортостан,Уфа,Кировский,Зеленая Роща 2,Б,05.2026,Комфорт,Квартал Дружба,"улица Большая Московская, 13",54.713137,55.977035,2017,18,173,484,2,0,2,2,4,Вертикальный 4*3,Digital (без звука),видеоролик,10,150,576,31,35712,10,4685,1708,100%,,3279,4000,6557,8000
U73,Республика Башкортостан,Уфа,Кировский,Зеленая Роща 3,Б,05.2026,Комфорт,ЖК Иремель,"улица Айская, 20",54.716986,55.980107,2015,12,236,661,4,0,4,4,8,Вертикальный 4*3,Digital (без звука),видеоролик,10,150,576,31,71424,6,4261,3755,100%,,3279,4000,13115,16000
U74,Республика Башкортостан,Уфа,Октябрьский,Инорс_Сипайлово,А,05.2026,Комфорт,Квартал Башкирия,"бульвар Молодежи, 6/1",54.793771,56.265484,2003,15,66,185,2,0,1,2,2,Вертикальный 4*3,Digital (без звука),видеоролик,10,150,576,31,35712,16,2979,2685,100%,,3279,4000,6557,8000
U75,Республика Башкортостан,Уфа,Октябрьский,Инорс_Сипайлово,А,05.2026,Стандарт,Квартал Корсо,"улица Бикбая, 35/2",54.763862,56.068016,2008,12,84,235,2,0,1,2,2,Вертикальный 4*3,Digital (без звука),видеоролик,10,150,576,31,35712,13,3033,2638,100%,,3279,4000,6557,8000
U76,Республика Башкортостан,Уфа,Октябрьский,Инорс_Сипайлово,А,05.2026,Комфорт,квартал Гагаринский ,"улица Максима Рыльского, 30",54.764127,56.075643,2006,19,112,314,2,0,1,2,2,Вертикальный 4*3,Digital (без звука),видеоролик,10,150,576,31,35712,20,6403,1249,100%,,3279,4000,6557,8000
U76,Республика Башкортостан,Уфа,Октябрьский,Инорс_Сипайлово,А,05.2026,Комфорт,квартал Гагаринский ,"улица Максима Рыльского, 31",54.765280,56.077826,2006,19,112,314,2,0,1,2,2,Вертикальный 4*3,Digital (без звука),видеоролик,10,150,576,31,35712,20,6403,1249,100%,,3279,4000,6557,8000
U76,Республика Башкортостан,Уфа,Октябрьский,Инорс_Сипайлово,А,05.2026,Комфорт,квартал Гагаринский ,"улица Юрия Гагарина, 33",54.767794,56.070684,2001,18,90,252,2,0,1,2,2,Вертикальный 4*3,Digital (без звука),видеоролик,10,150,576,31,35712,19,4875,1641,100%,,3279,4000,6557,8000
U77,Республика Башкортостан,Уфа,Кировский,Зеленая Роща 2,Б,05.2026,Комфорт,квартал Белореченский,"улица Мубарякова, 22/1",54.700034,56.002888,2003,10,167,468,3,0,3,3,3,Вертикальный 4*3,Digital (без звука),видеоролик,10,150,576,31,53568,11,5025,2388,100%,,3279,4000,9836,12000
U78,Республика Башкортостан,Уфа,Кировский,Зеленая Роща 2,А,05.2026,Комфорт,ЖК Орион,"улица Пугачева, 33",54.687378,55.98285,2022,11,248,694,2,0,1,2,2,Вертикальный 4*3,Digital (без звука),видеоролик,10,150,576,31,35712,12,8209,975,100%,,3279,4000,6557,8000
U79,Республика Башкортостан,Уфа,Кировский,Зеленая Роща 2,А,05.2026,Комфорт,квартал Кузнецовский затон,"улица Просвещения, 11/1",54.689997,55.972204,2019,11,70,196,1,0,1,1,1,Вертикальный 4*3,Digital (без звука),видеоролик,10,150,576,31,17856,12,2317,1726,100%,,3279,4000,3279,4000
U79,Республика Башкортостан,Уфа,Кировский,Зеленая Роща 2,А,08.2026,Комфорт,квартал Кузнецовский затон,"улица Бородинская, 20/1 ","54.686208, 55.984572",,2023,12,158,442,2,0,1,2,2,Вертикальный 4*3,Digital (без звука),видеоролик,10,150,576,31,35712,13,5705,1402,100%,,3279,4000,6557,8000
U80,Республика Башкортостан,Уфа,Ленинский,Ленинский 1 Затон_мкрн. 8 Марта,А,06.2026,Стандарт,Квартал Летчиков,"улица Летчиков, 16/1",54.795296,55.867126,2014,18,90,252,2,0,1,2,2,Вертикальный 4*3,Digital (без звука),видеоролик,10,150,576,31,35712,19,4875,1641,100%,,3279,4000,6557,8000
U80,Республика Башкортостан,Уфа,Ленинский,Ленинский 1 Затон_мкрн. 8 Марта,А,06.2026,Стандарт,Квартал Летчиков,"улица Летчиков, 18",54.79523,55.868527,2013,14,154,431,3,0,3,3,6,Вертикальный 4*3,Digital (без звука),видеоролик,10,150,576,31,53568,8,3244,3699,100%,,3279,4000,9836,12000
U81,Республика Башкортостан,Уфа,Октябрьский,Инорс_Сипайлово,А,05.2026,Комфорт,Квартал Олимп,"улица Маршала Жукова, 4/4",54.765952,56.051225,2002,10,150,420,3,0,3,3,3,Вертикальный 4*3,Digital (без звука),видеоролик,10,150,576,31,53568,11,4514,2659,100%,,3279,4000,9836,12000
U82,Республика Башкортостан,Уфа,Октябрьский,Инорс_Сипайлово,А,06.2026,Комфорт,Квартал Олимп 2,"улица Маршала Жукова, 4/1",54.767256,56.053738,1995,10,290,812,8,0,8,8,8,Вертикальный 4*3,Digital (без звука),видеоролик,10,150,576,31,142848,11,8726,3667,100%,,3279,4000,26230,32000
U83,Республика Башкортостан,Уфа,Октябрьский,Инорс_Сипайлово,А,06.2026,Комфорт,Квартал Олимп 3,"улица Юрия Гагарина, 10/2",54.763763,56.050715,2001,9,207,580,7,0,7,7,7,Вертикальный 4*3,Digital (без звука),видеоролик,10,150,576,31,124992,10,5606,4995,100%,,3279,4000,22951,28000
U84,Республика Башкортостан,Уфа,Октябрьский,Инорс_Сипайлово,Б,06.2026,Комфорт,Квартал Маяк,"улица Маршала Жукова, 3/2",54.766198,56.047695,2007,18,80,224,2,0,1,2,2,Вертикальный 4*3,Digital (без звука),видеоролик,10,150,576,31,35712,19,4333,1846,100%,,3279,4000,6557,8000
U85,Республика Башкортостан,Уфа,Кировский,Зеленая Роща 2,Б,06.2026,Комфорт,ЖК Южный 2,"улица Загира Исмагилова, 16/1",54.698573,55.982071,2009,9,71,199,2,0,2,2,2,Вертикальный 4*3,Digital (без звука),видеоролик,10,150,576,31,35712,10,1923,4161,100%,,3279,4000,6557,8000
U85,Республика Башкортостан,Уфа,Кировский,Зеленая Роща 2,Б,06.2026,Комфорт,ЖК Южный 2,"улица Загира Исмагилова, д. 18",54.698718,55.980256,2012,13,148,414,2,0,2,2,4,Вертикальный 4*3,Digital (без звука),видеоролик,10,150,576,31,35712,7,2895,2764,100%,,3279,4000,6557,8000
U86,Республика Башкортостан,Уфа,Дёмский,Дёмский_мкрн. Цветы Башкирии,А,06.2026,Комфорт,ЖК Яркий Квартал Париж 1,"Яркий бульвар, 10",54.695817,55.859804,2022,19,204,571,3,0,1,3,3,Вертикальный 4*3,Digital (без звука),видеоролик,10,150,576,31,53568,20,11663,1029,100%,,3279,4000,9836,12000
U87,Республика Башкортостан,Уфа,Дёмский,Дёмский_мкрн. Цветы Башкирии,А,07.2026,Комфорт,ЖК Яркий Квартал Париж 2,"улица Евгения Столярова, 13",54.695185,55.857586,2025,26,288,806,3,0,1,3,4,Вертикальный 4*3,Digital (без звука),видеоролик,10,150,576,31,53568,21,16899,710,100%,,3279,4000,9836,12000
U88,Республика Башкортостан,Уфа,Дёмский,Дёмский_мкрн. Цветы Башкирии,А,07.2026,Комфорт,ЖК Яркий Квартал Париж 3,"улица Архитектора Калимуллина, 12",54.694867,55.859257,2025,26,288,806,3,0,1,3,4,Вертикальный 4*3,Digital (без звука),видеоролик,10,150,576,31,53568,21,16899,710,100%,,3279,4000,9836,12000
U89,Республика Башкортостан,Уфа,Дёмский,Дёмский_мкрн. Цветы Башкирии,А,06.2026,Стандарт,ЖК Новая Дёма,"улица Генерала Кусимова, 20",54.717392,55.842467,2025,19,808,2 262,8,0,8,8,16,Вертикальный 4*3,Digital (без звука),видеоролик,10,150,576,31,142848,10,23098,1385,100%,,3279,4000,26230,32000
U90,Республика Башкортостан,Уфа,Кировский,Зеленая Роща 2,Б,06.2026,Комфорт,ЖК Трио,"улица Степана Кувыкина, 16/1",54.705765,56.000567,2002,15,70,196,2,0,1,2,2,Вертикальный 4*3,Digital (без звука),видеоролик,10,150,576,31,35712,16,3160,2532,100%,,3279,4000,6557,8000
U90,Республика Башкортостан,Уфа,Кировский,Зеленая Роща 2,Б,06.2026,Комфорт,ЖК Трио,"улица Степана Кувыкина, 16/2",54.706149,56.000517,2003,17,71,199,2,0,1,2,2,Вертикальный 4*3,Digital (без звука),видеоролик,10,150,576,31,35712,18,3632,2203,100%,,3279,4000,6557,8000
U90,Республика Башкортостан,Уфа,Кировский,Зеленая Роща 2,Б,06.2026,Комфорт,ЖК Трио,"улица Степана Кувыкина, 16/3",54.706293,56.001047,2003,14,70,196,2,0,1,2,2,Вертикальный 4*3,Digital (без звука),видеоролик,10,150,576,31,35712,15,2949,2713,100%,,3279,4000,6557,8000
U91,Республика Башкортостан,Уфа,Ленинский,Центр,А,06.2026,Комфорт,ЖК Гоголя 63,"улица Гоголя, 63/1",54.732331,55.9404,2012,13,133,372,3,0,3,3,2,Вертикальный 4*3,Digital (без звука),видеоролик,10,150,576,31,53568,21,7804,1538,100%,,3279,4000,9836,12000
U91,Республика Башкортостан,Уфа,Ленинский,Центр,А,06.2026,Комфорт,ЖК Гоголя 63,"улица Гоголя, 63",54.731698,55.940105,2011,9,64,179,2,0,2,2,2,Вертикальный 4*3,Digital (без звука),видеоролик,10,150,576,31,35712,10,1733,4616,100%,,3279,4000,6557,8000
U92,Республика Башкортостан,Уфа,Кировский,Зеленая Роща 2,А,06.2026,Комфорт,ЖК Свобода 1,"улица Бородинская, 19",54.679577,55.97933,2024,26,554,1 551,8,0,3,8,8,Вертикальный 4*3,Digital (без звука),видеоролик,10,150,576,31,142848,28,43343,738,100%,,3279,4000,26230,32000
U93,Республика Башкортостан,Уфа,Кировский,Зеленая Роща 2,А,06.2026,Комфорт,ЖК Свобода 2,"улица Бородинская, 19/1",54.678921,55.979779,2024,27,537,1 504,12,0,3,12,8,Вертикальный 4*3,Digital (без звука),видеоролик,10,150,576,31,214272,44,65443,733,100%,,3279,4000,39344,48000
U94,Республика Башкортостан,Уфа,Ленинский,Центр,А,06.2026,Комфорт,Квартал Зенцова,"улица Коммунистическая, 19/1",54.729574,55.931893,2002,15,76,213,4,0,2,4,4,Вертикальный 4*3,Digital (без звука),видеоролик,10,150,576,31,71424,16,3430,4664,100%,,3279,4000,13115,16000
U95,Республика Башкортостан,Уфа,Кировский,Зеленая Роща 2,Б,06.2026,Комфорт,квартал Амантая,"улица Габдуллы Амантая, 1",54.693009,55.992061,2009,16,315,882,6,0,6,6,9,Вертикальный 4*3,Digital (без звука),видеоролик,10,150,576,31,107136,11,10110,2374,100%,,3279,4000,19672,24000
U96,Республика Башкортостан,Уфа,Октябрьский,Инорс_Сипайлово,Б,06.2026,Стандарт,ЖК на Маршала Жукова,"улица Маршала Жукова, 3/3",54.766645,56.047814,2007,18,80,224,2,0,1,2,2,Вертикальный 4*3,Digital (без звука),видеоролик,10,150,576,31,35712,19,4333,1846,100%,,3279,4000,6557,8000
U97,Республика Башкортостан,Уфа,Кировский,Зеленая Роща 2,А,07.2026,Комфорт,ЖК на Сочинской,"улица Сочинская, 15/1",54.708846,55.970199,2005,17,115,322,2,0,1,2,2,Вертикальный 4*3,Digital (без звука),видеоролик,10,150,576,31,35712,18,5883,1360,100%,,3279,4000,6557,8000
U98,Республика Башкортостан,Уфа,Кировский,Центр,Б,07.2026,Комфорт,ЖК Тихий Центр,"улица Октябрьской Революции, 54Б",54.717756,55.959257,2014,11,122,342,2,0,2,2,2,Вертикальный 4*3,Digital (без звука),видеоролик,10,150,576,31,35712,12,4038,1981,100%,,3279,4000,6557,8000
U98,Республика Башкортостан,Уфа,Кировский,Центр,Б,07.2026,Комфорт,ЖК Тихий Центр,"улица Октябрьской Революции, 62/1",54.717007,55.959455,2023,18,120,336,3,0,2,3,4,Вертикальный 4*3,Digital (без звука),видеоролик,10,150,576,31,53568,15,4875,2462,100%,,3279,4000,9836,12000
U99,Республика Башкортостан,Уфа,Ленинский,Центр,А,07.2026,Комфорт,ЖК Гоголя 53,"улица Гоголя, 53",54.728794,55.938668,2000,7,41,115,1,0,2,1,2,Вертикальный 4*3,Digital (без звука),видеоролик,10,150,576,31,17856,4,432,9264,100%,,3279,4000,3279,4000
U100,Республика Башкортостан,Уфа,Кировский,Центр,А,07.2026,Комфорт,ЖК на Цюрупы,"улица Цюрупы, 27",54.725763,55.952852,1970,12,96,269,2,0,4,2,4,Вертикальный 4*3,Digital (без звука),видеоролик,10,150,576,31,35712,6,1733,4616,100%,,3279,4000,6557,8000
U101,Республика Башкортостан,Уфа,Кировский,Зеленая Роща 2,А,07.2026,Комфорт,ЖК Президент отель,"улица Авроры, 5/12",54.696382,56.004505,2002,12,114,319,2,0,1,2,2,Вертикальный 4*3,Digital (без звука),видеоролик,10,150,576,31,35712,13,4116,1943,100%,,3279,4000,6557,8000
U102,Республика Башкортостан,Уфа,Октябрьский,Инорс_Сипайлово,Б,07.2026,Комфорт,ЖК Квартал Набережная,"улица Натальи Ковшовой, 10",54.761254,56.056095,2001,9,161,451,6,0,6,6,6,Вертикальный 4*3,Digital (без звука),видеоролик,10,150,576,31,107136,10,4360,5504,100%,,3279,4000,19672,24000
U103,Республика Башкортостан,Уфа,Кировский,Зеленая Роща 2,Б,07.2026,Комфорт,ЖК МВД,"улица Мубарякова, 12/2",54.697768,55.997462,2001,12,108,302,4,0,2,4,2,Вертикальный 4*3,Digital (без звука),видеоролик,10,150,576,31,71424,26,7800,2051,100%,,3279,4000,13115,16000
U103,Республика Башкортостан,Уфа,Кировский,Зеленая Роща 2,Б,07.2026,Комфорт,ЖК МВД,"улица Степана Кувыкина, 5",54.699493,55.993977,2002,16,57,160,2,0,1,2,1,Вертикальный 4*3,Digital (без звука),видеоролик,10,150,576,31,35712,34,5489,1458,100%,,3279,4000,6557,8000
U104,Республика Башкортостан,Уфа,Кировский,Центр,А,07.2026,Комфорт,ЖК Уфимский кремль ,"улица Октябрьской Революции, 23А",54.722685,55.954900,2016,13,160,448,6,0,3,6,6,Вертикальный 4*3,Digital (без звука),видеоролик,10,150,576,31,107136,14,6259,3835,100%,,3279,4000,19672,24000
U105,Республика Башкортостан,Уфа,Советский ,Центр,Б,07.2026,Комфорт,ЖК Центр,"улица Карла Маркса, 46",54.737445,55.947471,2004,12,42,118,2,0,1,2,2,Вертикальный 4*3,Digital (без звука),видеоролик,10,150,576,31,35712,13,1517,5275,100%,,3279,4000,6557,8000
U106,Республика Башкортостан,Уфа,Дёмский ,Дёмский_мкрн. Цветы Башкирии,Б,07.2026,Стандарт,ЖК Дёма ,"улица Магистральная, 14",54.710376,55.828894,2019,16,250,700,4,0,2,4,4,Вертикальный 4*3,Digital (без звука),видеоролик,10,150,576,31,71424,17,12036,1329,100%,,3279,4000,13115,16000
U107,Республика Башкортостан,Уфа,Октябрьский,Инорс_Сипайлово,Б,07.2026,Комфорт,ЖК на Бикбая,"улица Баязита Бикбая, 23/2",54.767882,56.062473,2003,10,329,921,7,0,7,7,7,Вертикальный 4*3,Digital (без звука),видеоролик,10,150,576,31,124992,11,9900,2828,100%,,3279,4000,22951,28000
U108,Республика Башкортостан,Уфа,Кировский,Зеленая Роща 2,Б,07.2026,Комфорт,ЖК на Ураксина,"улица Академика Ураксина, 1",54.702307,55.979146,2012,14,141,395,2,0,2,2,4,Вертикальный 4*3,Digital (без звука),видеоролик,10,150,576,31,35712,8,2970,2694,100%,,3279,4000,6557,8000
U108,Республика Башкортостан,Уфа,Кировский,Зеленая Роща 2,Б,07.2026,Комфорт,ЖК на Ураксина,"улица Академика Ураксина, 3",54.702927,55.979559,2013,15,203,568,4,0,4,4,6,Вертикальный 4*3,Digital (без звука),видеоролик,10,150,576,31,71424,11,6108,2619,100%,,3279,4000,13115,16000
U109,Республика Башкортостан,Уфа,Ленинский,Ленинский 1 Затон_мкрн. 8 Марта,Б,07.2026,Комфорт,ЖК Ветер,"улица Сержанта Пашкова, 5",54.793464,55.860047,2025,25,612,1 714,7,0,1,7,2,Вертикальный 4*3,Digital (без звука),видеоролик,10,150,576,31,124992,94,161136,174,100%,,3279,4000,22951,28000
U110,Республика Башкортостан,Уфа,Ленинский,Центр,Б,07.2026,Комфорт,ЖК Квартал Центр ,"улица Гафури, 54",54.729621,55.930574,1999,16,201,563,9,0,6,9,7,Вертикальный 4*3,Digital (без звука),видеоролик,10,150,576,31,160704,22,12442,2893,100%,,3279,4000,29508,36000
U111,Республика Башкортостан,Уфа,Советский,Центр,Б,07.2026,Комфорт,ЖК на Мингажева,"улица Революционная, 163",54.733099,55.971025,2000,16,279,781,2,0,2,2,2,Вертикальный 4*3,Digital (без звука),видеоролик,10,150,576,31,35712,17,13432,596,100%,,3279,4000,6557,8000
U112,Республика Башкортостан,Уфа,Советский,Центр,Б,07.2026,Комфорт,ЖК квартал Алтын,"улица Ленина, 99",54.747028,55.958853,2024,10,519,1 453,7,0,1,7,7,Горизонтальный 4*3,Digital (без звука),видеоролик,10,150,576,31,124992,11,15617,1793,100%,,3279,4000,22951,28000
U113,Республика Башкортостан,Уфа,Кировский,Зеленая Роща 2,Б,08.2026,Комфорт,ЖК Зеленая Роща,"улица Батырская, 14",54.707645,56.005960,2001,14,39,109,2,0,1,2,2,Вертикальный 4*3,Digital (без звука),видеоролик,10,150,576,31,35712,15,1643,4869,100%,,3279,4000,6557,8000
U114,Республика Башкортостан,Уфа,Кировский,Центр,Б,08.2026,Комфорт,ЖК на Чернышевского,"улица Чернышевского, 122/1",54.726424,55.958143,1998,12,48,134,2,0,1,2,2,Вертикальный 4*3,Digital (без звука),видеоролик,10,150,576,31,35712,13,1733,4616,100%,,3279,4000,6557,8000
U115,Республика Башкортостан,Уфа,Кировский,Центр,Б,08.2026,Комфорт,ЖК на Цурюпа 78,"улица Цюрупы, 78",54.728966,55.956023,2011,13,97,272,5,0,3,5,5,Вертикальный 4*3,Digital (без звука),видеоролик,10,150,576,31,89280,14,3794,5271,100%,,3279,4000,16393,20000
U116,Республика Башкортостан,Уфа,Советский ,Проспект,Б,08.2026,Комфорт,ЖК Кристалл,"улица Братьев Кадомцевых, 17",54.751201,55.995738,2025,27,587,1 644,6,0,2,6,4,Вертикальный 4*3,Digital (без звука),видеоролик,10,150,576,31,107136,44,71536,335,100%,,3279,4000,19672,24000
U117,Республика Башкортостан,Уфа,Кировский,Зеленая Роща 2,Б,08.2026,Комфорт,ЖК на Перовской 54,"улица Софьи Перовской, 54",54.697172,55.992477,2010,18,321,899,5,0,5,5,10,Вертикальный 4*3,Digital (без звука),видеоролик,10,150,576,31,89280,10,8693,2301,100%,,3279,4000,16393,20000
U118,Республика Башкортостан,Уфа,Кировский,Зеленая Роща 2,Б,08.2026,Комфорт,ЖК Высотная,"улица Высотная, 8/3",54.704466,55.979083,2011,14,158,442,5,0,3,5,5,Вертикальный 4*3,Digital (без звука),видеоролик,10,150,576,31,89280,15,6656,3005,100%,,3279,4000,16393,20000
U119,Республика Башкортостан,Уфа,Октябрьский ,Зеленая Роща 2,Б,08.2026,Комфорт,ЖК Проезд Лесной 16,"проезд Лесной, 16",54.745620,56.020585,2002,13,52,146,2,0,1,2,2,Вертикальный 4*3,Digital (без звука),видеоролик,10,150,576,31,35712,14,2034,3933,100%,,3279,4000,6557,8000
U120,Республика Башкортостан,Уфа,Кировский,Зеленая Роща 2,Б,08.2026,Комфорт,ЖК на Перовской 54,"улица Софьи Перовской, 54",54.697172,55.992477,2010,18,321,899,5,0,5,5,10,Вертикальный 4*3,Digital (без звука),видеоролик,10,150,576,31,89280,10,8693,2301,100%,,3279,4000,16393,20000
U121,Республика Башкортостан,Уфа,Октябрьский,,Б,08.2026,Комфорт,ЖК на Набережной реки Уфы 3/5,"улица Набережная реки Уфы, 3/5",54.761940,56.052637,2000,10,86,241,2,0,2,2,2,Вертикальный 4*3,Digital (без звука),видеоролик,10,150,576,31,35712,11,2588,3091,100%,,3279,4000,6557,8000
U122,Республика Башкортостан,Уфа,Первомайский,,Б,08.2026,Стандарт,ЖК Мечтателей,"улица Рашита Нигмати, 12",54.710131,55.842665,2025,12,289,809,5,0,5,5,4,Вертикальный 4*3,Digital (без звука),видеоролик,10,150,576,31,89280,16,13044,1533,100%,,3279,4000,16393,20000
STR1,Республика Башкортостан,Стерлитамак,​Западный,продажа городом,А,11.2025,Комфорт, ЖК Браво     ,"улица Интернациональная, 61",54.811887,56.077233,2024,10,519,1 453,10,5,1,5,7,Горизонтальный 4*3,Digital (без звука),видеоролик,10,150,576,31,178560,48,69719,574,100%,,3279,4000,32787,40000
STR2,Республика Башкортостан,Стерлитамак,​Западный,продажа городом,А,07.2026,Комфорт, ЖК Браво 2,"улица Интернациональная, 63",54.811726,56.077790,2025,17,363,1 016,10,5,5,5,10,Горизонтальный 4*3,Digital (без звука),видеоролик,10,150,576,31,178560,17,17477,2289,100%,,3279,4000,32787,40000
STR3,Республика Башкортостан,Стерлитамак,Западный ,продажа городом,А,10.2025,Комфорт,ЖК Шиханы,"проспект Октября, 99",53.629169,55.883017,2023,20,439,1 229,6,3,1,3,6,Горизонтальный 4*3,Digital (без звука),видеоролик,10,150,576,31,107136,35,42932,559,100%,,3279,4000,19672,24000
STR4,Республика Башкортостан,Стерлитамак,Западный,продажа городом,А,04.2026,Комфорт,ЖК Шиханы 2,"улица Раиса Багаутдинова, 2",53.627989,55.883080,2024,11,124,347,4,2,1,2,3,Горизонтальный 4*3,Digital (без звука),видеоролик,10,150,576,31,71424,24,8333,1920,100%,,3279,4000,13115,16000
STR5,Республика Башкортостан,Стерлитамак,​Западный,продажа городом,А,12.2025,Комфорт,ЖК на Проспекте Октября 85,"проспект Октября, 85",53.628993,55.899941,2019,18,230,644,4,2,2,2,4,Горизонтальный 4*3,Digital (без звука),видеоролик,10,150,576,31,71424,18,11419,1401,100%,,3279,4000,13115,16000
NFT1,Республика Башкортостан,Нефтекамск,​13-й м-н,продажа городом,Б,07.2026,Комфорт,ЖК Лайф,"улица Ленина, 84Б",56.108256,54.235974,2024,16,283,792,4,0,2,4,4,Вертикальный 4*3,Digital (без звука),видеоролик,10,150,576,31,71424,17,13625,1174,100%,,3279,4000,13115,16000
NFT2,Республика Башкортостан,Нефтекамск,24-й м-н,продажа городом,Б,08.2026,Комфорт,ЖК Городской,"улица Городская, 12",56.071248,54.225940,2025,10,210,588,2,0,2,2,2,Вертикальный 4*3,Digital (без звука),видеоролик,10,150,576,31,35712,11,6319,1266,100%,,3279,4000,6557,8000
NFT2,Республика Башкортостан,Нефтекамск,24-й м-н,продажа городом,Б,08.2026,Комфорт,ЖК Городской,"улица Городская, 14",56.071007,54.226856,2025,10,210,588,4,0,4,4,4,Вертикальный 4*3,Digital (без звука),видеоролик,10,150,576,31,71424,11,6319,2532,100%,,3279,4000,13115,16000
OKT1,Республика Башкортостан,Октябрьский,Центральный,продажа городом,Б,08.2026,Комфорт,ЖК Парковая,"улица Парковая, 5",54.471085,53.518337,2024,10,235,658,5,5,5,0,5,Вертикальный 4*3,Digital (без звука),видеоролик,10,150,576,31,89280,8,5303,3771,100%,,3279,4000,16393,20000
OREN1,Оренбургская область,Оренбург,Дзержинский,мкрн. 13_15_16,А,10.2025,Комфорт,ЖК 15Б Микрорайон,"улица Автомобилистов, 13",51.830568,55.168964,2023,19,762,2 134,5,5,6,0,12,Горизонтальный 4*3,Digital (без звука),видеоролик,10,150,576,31,89280,7,14331,1396,100%,,3279,4000,16393,20000
OREN1,Оренбургская область,Оренбург,Дзержинский,мкрн. 13_15_16,А,10.2025,Комфорт,ЖК 15Б Микрорайон,"улица Автомобилистов, 13",51.830568,55.168964,2023,19,762,2 134,5,0,6,5,12,Венртикальный 4*3,Digital (без звука),видеоролик,10,150,576,31,89280,9,18152,1102,100%,,3279,4000,16393,20000
OREN1,Оренбургская область,Оренбург,Дзержинский,мкрн. 13_15_16,А,10.2025,Комфорт,ЖК 15Б Микрорайон,"улица Северный, 23",51.828932,55.173573,2024,17,162,454,6,3,3,3,4,Горизонтальный 4*3,Digital (без звука),видеоролик,10,150,576,31,107136,22,9871,2431,100%,,3279,4000,19672,24000
OREN2,Оренбургская область,Оренбург,Ленинский,мкрн. 18_19_20,А,10.2025,Комфорт,ЖК 17 Микрорайон,"улица Салмышская, 43/1",51.823309,55.167186,2012,14,201,563,4,4,4,0,8,Горизонтальный 4*3,Digital (без звука),видеоролик,10,150,576,31,71424,#REF!,#REF!,#REF!,100%,,3279,4000,13115,16000
OREN2,Оренбургская область,Оренбург,Ленинский,мкрн. 18_19_20,А,10.2025,Комфорт,ЖК 17 Микрорайон,"улица Салмышская, 43/5",51.822089,55.16836,2017,20,568,1 590,4,4,4,0,8,Горизонтальный 4*3,Digital (без звука),видеоролик,10,150,576,31,71424,8,12819,1248,100%,,3279,4000,13115,16000
OREN2,Оренбургская область,Оренбург,Ленинский,мкрн. 18_19_20,А,10.2025,Комфорт,ЖК 17 Микрорайон,"улица Поляничко, 6",51.824091,55.169786,2025,17,230,644,2,2,6,0,12,Горизонтальный 4*3,Digital (без звука),видеоролик,10,150,576,31,35712,3,1730,4624,100%,,3279,4000,6557,8000
OREN2,Оренбургская область,Оренбург,Ленинский,мкрн. 18_19_20,А,10.2025,Комфорт,ЖК 17 Микрорайон,"улица Поляничко, 6",51.824091,55.169786,2025,17,230,644,2,0,6,2,12,Вертикальный 4*3,Digital (без звука),видеоролик,10,150,576,31,35712,3,1961,4080,100%,,3279,4000,6557,8000
OREN2,Оренбургская область,Оренбург,Ленинский,мкрн. 18_19_20,А,10.2025,Комфорт,ЖК 17 Микрорайон,"улица Салмышская, 43/2",51.822514,55.168053,2014,13,99,277,4,2,2,2,4,Вертикальный 4*3,Digital (без звука),видеоролик,10,150,576,31,71424,15,4171,3836,100%,,3279,4000,13115,16000
OREN3,Оренбургская область,Оренбург,Ленинский,мкрн. 18_19_20,А,10.2025,Комфорт,ЖК 19 Микрорайон ,"улица Карпово, 3",51.815186,55.183117,2016,14,241,675,8,4,4,4,8,Горизонтальный 4*3,Digital (без звука),видеоролик,10,150,576,31,142848,16,10515,3043,100%,,3279,4000,26230,32000
OREN3,Оренбургская область,Оренбург,Ленинский,мкрн. 18_19_20,А,10.2025,Комфорт,ЖК 19 Микрорайон ,"улица Салмышская, 67/3",51.814412,55.180769,2011,14,117,328,2,2,2,0,4,Горизонтальный 4*3,Digital (без звука),видеоролик,10,150,576,31,35712,8,2640,3030,100%,,3279,4000,6557,8000
OREN4,Оренбургская область,Оренбург,Ленинский,мкрн. 13_15_16,Б,10.2025,Комфорт,ЖК Акварель,"улица Поляничко, 11/2",51.822822,55.174567,2020,14,240,672,3,3,3,0,6,Вертикальный 4*3,Digital (без звука),видеоролик,10,150,576,31,53568,8,5416,2216,100%,,3279,4000,9836,12000
OREN4,Оренбургская область,Оренбург,Ленинский,мкрн. 13_15_16,Б,10.2025,Комфорт,ЖК Акварель,"улица Саморядова, 6",51.821002,55.176029,2021,19,448,1 254,6,6,6,0,12,Горизонтальный 4*3,Digital (без звука),видеоролик,10,150,576,31,107136,8,10110,2374,100%,,3279,4000,19672,24000
OREN4,Оренбургская область,Оренбург,Ленинский,мкрн. 13_15_16,Б,10.2025,Комфорт,ЖК Акварель,"Северный проезд, 24/1",51.827832,55.173848,2019,14,182,510,4,2,2,2,4,Вертикальный 4*3,Digital (без звука),видеоролик,10,150,576,31,71424,16,7941,2015,100%,,3279,4000,13115,16000
OREN5,Оренбургская область,Оренбург,Ленинский,мкрн. 13_15_16,А,05.2025,Комфорт,ЖК Акварель 2,"проезд Северный,18",51.825543,55.168108,2010,15,104,291,4,2,2,2,4,Вертикальный 4*3,Digital (без звука),видеоролик,10,150,576,31,71424,16,4694,3409,100%,,3279,4000,13115,16000
OREN5,Оренбургская область,Оренбург,Ленинский,мкрн. 13_15_16,А,05.2025,Комфорт,ЖК Акварель 2,"улица Поляничко, 11/3",51.823488,55.176177,2020,15,196,549,4,2,2,2,4,Вертикальный 4*3,Digital (без звука),видеоролик,10,150,576,31,71424,16,8847,1809,100%,,3279,4000,13115,16000
OREN5,Оренбургская область,Оренбург,Ленинский,мкрн. 13_15_16,А,05.2025,Комфорт,ЖК Акварель 2,"улица Поляничко, 2",51.825651,55.169472,2016,17,159,445,2,1,1,1,2,Вертикальный 4*3,Digital (без звука),видеоролик,10,150,576,31,35712,17,7655,1045,100%,,3279,4000,6557,8000
OREN5,Оренбургская область,Оренбург,Ленинский,мкрн. 13_15_16,А,05.2025,Комфорт,ЖК Акварель 2,"улица Поляничко, 11/6",51.823828,55.177009,2021,17,315,882,6,3,3,3,6,Вертикальный 4*3,Digital (без звука),видеоролик,10,150,576,31,107136,17,15166,1583,100%,,3279,4000,19672,24000
OREN6,Оренбургская область,Оренбург,Ленинский,мкрн. Дубки,А,11.2025,Стандарт,ЖК Дубки 1,"улица Уральская, 2/15",51.763826,55.145796,2021,19,332,930,3,3,3,0,6,Горизонтальный 4*3,Digital (без звука),видеоролик,10,150,576,31,53568,8,7493,1602,100%,,3279,4000,9836,12000
OREN6,Оренбургская область,Оренбург,Ленинский,мкрн. Дубки,А,11.2025,Стандарт,ЖК Дубки 1,"улица Уральская, 2/19",51.762914,55.145537,2021,15,391,1 095,3,3,3,0,6,Горизонтальный 4*3,Digital (без звука),видеоролик,10,150,576,31,53568,8,8824,1360,100%,,3279,4000,9836,12000
OREN6,Оренбургская область,Оренбург,Ленинский,мкрн. Дубки,А,11.2025,Стандарт,ЖК Дубки 1,"улица Уральская, 2/17",51.759858,55.142766,2020,19,419,1 173,4,4,3,0,8,Горизонтальный 4*3,Digital (без звука),видеоролик,10,150,576,31,71424,11,12608,1269,100%,,3279,4000,13115,16000
OREN7,Оренбургская область,Оренбург,Ленинский,мкрн. Дубки,Б,11.2025,Стандарт,ЖК Дубки 2,"улица Уральская, 2/18",51.761835,55.143456,2019,19,426,1 193,5,5,5,0,10,Горизонтальный 4*3,Digital (без звука),видеоролик,10,150,576,31,89280,8,9614,2080,100%,,3279,4000,16393,20000
OREN7,Оренбургская область,Оренбург,Ленинский,мкрн. Дубки,Б,11.2025,Стандарт,ЖК Дубки 2,"улица Уральская, 2/25",51.759474,55.146264,2024,19,416,1 165,5,5,5,0,10,Горизонтальный 4*3,Digital (без звука),видеоролик,10,150,576,31,89280,8,9388,2130,100%,,3279,4000,16393,20000
OREN8,Оренбургская область,Оренбург,Ленинский,мкрн. Дубки,А,11.2025,Стандарт,ЖК Дубки 3,"улица Эссена, 12",51.760243,55.148131,2024,19,433,1 212,5,5,4,0,10,Горизонтальный 4*3,Digital (без звука),видеоролик,10,150,576,31,89280,10,12215,1637,100%,,3279,4000,16393,20000
OREN8,Оренбургская область,Оренбург,Ленинский,мкрн. Дубки,А,11.2025,Стандарт,ЖК Дубки 3,"улица Уральская, 2/16",51.761064,55.14163,2020,19,419,1 173,4,4,4,0,8,Горизонтальный 4*3,Digital (без звука),видеоролик,10,150,576,31,71424,8,9456,1692,100%,,3279,4000,13115,16000
OREN8,Оренбургская область,Оренбург,Ленинский,мкрн. Дубки,А,11.2025,Стандарт,ЖК Дубки 3,"улица Уральская, 2/24",51.759256,55.144554,2023,17,371,1 039,5,5,5,0,10,Горизонтальный 4*3,Digital (без звука),видеоролик,10,150,576,31,89280,8,8373,2389,100%,,3279,4000,16393,20000
OREN9,Оренбургская область,Оренбург,Ленинский,мкрн. Дубки,А,11.2025,Стандарт,ЖК Дубки 4,"улица Уральская, 2/13",51.763267,55.143844,2019,17,290,812,3,3,3,0,6,Горизонтальный 4*3,Digital (без звука),видеоролик,10,150,576,31,53568,8,6545,1834,100%,,3279,4000,9836,12000
OREN9,Оренбургская область,Оренбург,Ленинский,мкрн. Дубки,А,11.2025,Стандарт,ЖК Дубки 4,"улица Уральская, 2/14",51.763659,55.144652,2019,17,176,493,3,3,3,0,6,Горизонтальный 4*3,Digital (без звука),видеоролик,10,150,576,31,53568,8,3972,3021,100%,,3279,4000,9836,12000
OREN9,Оренбургская область,Оренбург,Ленинский,мкрн. Дубки,А,11.2025,Стандарт,ЖК Дубки 4,"улица Неплюева, 5",51.763659,55.144652,2022,15,332,930,4,4,4,0,8,Горизонтальный 4*3,Digital (без звука),видеоролик,10,150,576,31,71424,8,7493,2135,100%,,3279,4000,13115,16000
OREN10,Оренбургская область,Оренбург,Ленинский,мкрн. Дубки,А,11.2025,Стандарт,ЖК Дубки 5,"улица Неплюева, 2",51.764262,55.142493,2024,19,250,700,2,2,2,0,4,Горизонтальный 4*3,Digital (без звука),видеоролик,10,150,576,31,35712,8,5642,1418,100%,,3279,4000,6557,8000
OREN10,Оренбургская область,Оренбург,Ленинский,мкрн. Дубки,А,11.2025,Стандарт,ЖК Дубки 5,"улица Неплюева, 4",51.76462,55.143481,2025,19,250,700,2,2,2,0,4,Горизонтальный 4*3,Digital (без звука),видеоролик,10,150,576,31,35712,8,5642,1418,100%,,3279,4000,6557,8000
OREN10,Оренбургская область,Оренбург,Ленинский,мкрн. Дубки,А,11.2025,Стандарт,ЖК Дубки 5,"улица Уральская, 2Д",51.763783,55.140939,2022,19,368,1 030,5,5,3,0,10,Горизонтальный 4*3,Digital (без звука),видеоролик,10,150,576,31,89280,13,13842,1445,100%,,3279,4000,16393,20000
OREN11,Оренбургская область,Оренбург,Ленинский,мкрн. Дубки,Б,11.2025,Стандарт,ЖК Дубки 6,"улица Уральская, 2/20",51.761833,55.145313,2022,17,404,1 131,5,5,5,0,10,Горизонтальный 4*3,Digital (без звука),видеоролик,10,150,576,31,89280,8,9117,2194,100%,,3279,4000,16393,20000
OREN11,Оренбургская область,Оренбург,Ленинский,мкрн. Дубки,Б,11.2025,Стандарт,ЖК Дубки 6,"улица Уральская, 2/22",51.761971,55.146587,2023,19,417,1 168,5,5,5,0,10,Горизонтальный 4*3,Digital (без звука),видеоролик,10,150,576,31,89280,8,9411,2125,100%,,3279,4000,16393,20000
OREN12,Оренбургская область,Оренбург,Промышленный,Промышленный_Центр,А,11.2025,Стандарт,ЖК Малая земля 1,"улица Пролетарская, 288/4",51.803907,55.095149,2019,19,203,568,2,2,2,0,4,Горизонтальный 4*3,Digital (без звука),видеоролик,10,150,576,31,35712,8,4581,1746,100%,,3279,4000,6557,8000
OREN12,Оренбургская область,Оренбург,Промышленный,Промышленный_Центр,А,11.2025,Стандарт,ЖК Малая земля 1,"улица Пролетарская, 288/4",51.803907,55.095149,2019,19,203,568,2,0,2,2,4,Вертикальный 4*3,Digital (без звука),видеоролик,10,150,576,31,35712,10,5803,1379,100%,,3279,4000,6557,8000
OREN12,Оренбургская область,Оренбург,Промышленный,Промышленный_Центр,А,11.2025,Стандарт,ЖК Малая земля 1,"улица Пролетарская, 298",51.807936,55.095467,2020,17,404,1 131,5,5,5,0,10,Горизонтальный 4*3,Digital (без звука),видеоролик,10,150,576,31,89280,8,9117,2194,100%,,3279,4000,16393,20000
OREN13,Оренбургская область,Оренбург,Промышленный,Промышленный_Центр,Б,07.2026,Стандарт,ЖК Малая земля 2,"проезд Нижний, 5/6",51.802613,55.099839,2017,19,284,795,6,3,3,3,6,Вертикальный 4*3,Digital (без звука),видеоролик,10,150,576,31,107136,18,14528,1652,100%,,3279,4000,19672,24000
OREN14,Оренбургская область,Оренбург,Промышленный,Промышленный_Центр,Б,08.2026,Стандарт,ЖК Малая земля 3,"улица Пролетарская, 300",51.807959,55.096256,2020,18,357,1 000,4,4,4,0,8,Горизонтальный 4*3,Digital (без звука),видеоролик,10,150,576,31,71424,8,8057,1986,100%,,3279,4000,13115,16000
OREN14,Оренбургская область,Оренбург,Промышленный,,Б,08.2026,Комфорт,ЖК Малая земля 3,"улица Пролетарская, 300",51.807726,55.096344,2020,17,357,1 000,4,0,4,4,8,Вертикальный 4*3,Digital (без звука),видеоролик,10,150,576,31,71424,9,9131,1752,100%,,3279,4000,13115,16000
OREN14,Оренбургская область,Оренбург,Промышленный,,Б,08.2026,Комфорт,ЖК Малая земля 3,"улица Пролетарская, 292",51.805532,55.095608,2019,19,299,837,8,4,4,4,8,Вертикальный 4*3,Digital (без звука),видеоролик,10,150,576,31,142848,18,15295,2092,100%,,3279,4000,26230,32000
OREN15,Оренбургская область,Оренбург,Ленинский,мкрн. 18_19_20,А,11.2025,Стандарт,ЖК Молодежный 1,"улица Карпова, 3/1 ",51.817196,55.181866,2016,19,576,1 613,8,8,8,0,16,Горизонтальный 4*3,Digital (без звука),видеоролик,10,150,576,31,142848,8,12999,2462,100%,,3279,4000,26230,32000
OREN15,Оренбургская область,Оренбург,Ленинский,мкрн. 18_19_20,А,11.2025,Стандарт,ЖК Молодежный 1,"улица Карпова, 3/1 ",51.817196,55.181866,2016,19,576,1 613,8,0,8,8,16,Вертикальный 4*3,Digital (без звука),видеоролик,10,150,576,31,142848,10,16466,1943,100%,,3279,4000,26230,32000
OREN16,Оренбургская область,Оренбург,Ленинский,мкрн. 13_15_16,А,11.2025,Стандарт,ЖК Звездный,"улица Братьев Хусаиновых, 8",51.823776,55.178223,2021,17,297,832,3,3,3,0,6,Горизонтальный 4*3,Digital (без звука),видеоролик,10,150,576,31,53568,8,6703,1790,100%,,3279,4000,9836,12000
OREN16,Оренбургская область,Оренбург,Ленинский,мкрн. 13_15_16,А,11.2025,Стандарт,ЖК Звездный,"улица Братьев Хусаиновых, 8",51.823776,55.178223,2021,17,297,832,3,0,3,3,6,Вертикальный 4*3,Digital (без звука),видеоролик,10,150,576,31,53568,9,7596,1580,100%,,3279,4000,9836,12000
OREN16,Оренбургская область,Оренбург,Ленинский,мкрн. 13_15_16,А,11.2025,Стандарт,ЖК Звездный,"улица Братьев Хусаиновых, 6",51.824999,55.176968,2025,20,594,1 663,5,5,5,0,10,Горизонтальный 4*3,Digital (без звука),видеоролик,10,150,576,31,89280,8,13405,1492,100%,,3279,4000,16393,20000
OREN16,Оренбургская область,Оренбург,Ленинский,мкрн. 13_15_16,А,11.2025,Стандарт,ЖК Звездный,"улица Братьев Хусаиновых, 6",51.824999,55.176968,2025,20,594,1 663,5,0,5,5,10,Вертикальный 4*3,Digital (без звука),видеоролик,10,150,576,31,89280,11,17874,1119,100%,,3279,4000,16393,20000
OREN17,Оренбургская область,Оренбург,Ленинский,"мкрн. Южный",Б,12.2025,Стандарт,ЖК Южный,"улица Илекская, 2/2",51.721118,55.108154,2013,14,83,232,1,1,1,0,2,Горизонтальный 4*3,Digital (без звука),видеоролик,10,150,576,31,17856,8,1873,2135,100%,,3279,4000,3279,4000
OREN17,Оренбургская область,Оренбург,Ленинский,"мкрн. Южный",Б,12.2025,Стандарт,ЖК Южный,"улица Беляевская,15/1",51.721636,55.109629,2017,17,175,490,2,2,2,0,4,Горизонтальный 4*3,Digital (без звука),видеоролик,10,150,576,31,35712,8,3949,2026,100%,,3279,4000,6557,8000
OREN17,Оренбургская область,Оренбург,Ленинский,"мкрн. Южный",Б,12.2025,Стандарт,ЖК Южный,"улица Беляевская, 15",51.722049,55.107403,2016,15,572,1 602,8,8,8,0,16,Горизонтальный 4*3,Digital (без звука),видеоролик,10,150,576,31,142848,8,12909,2479,100%,,3279,4000,26230,32000
OREN17,Оренбургская область,Оренбург,Ленинский,"мкрн. Южный",Б,12.2025,Стандарт,ЖК Южный,"улица Центральная, 13/1",51.713082,55.111625,2023,17,136,381,1,1,1,0,2,Горизонтальный 4*3,Digital (без звука),видеоролик,10,150,576,31,17856,8,3069,1303,100%,,3279,4000,3279,4000
OREN18,Оренбургская область,Оренбург,Ленинский,мкрн. Дубки,А,12.2025,Комфорт,ЖК Донковцева 1,"улица Донковцева, 1",51.770590,55.162496,2019,19,348,974,5,5,5,0,10,Горизонтальный 4*3,Digital (без звука),видеоролик,10,150,576,31,89280,8,7854,2547,100%,,3279,4000,16393,20000
OREN18,Оренбургская область,Оренбург,Ленинский,мкрн. Дубки,А,12.2025,Комфорт,ЖК Донковцева 1,"улица Донковцева, 3",51.769821,55.162451,2019,19,197,552,3,3,3,0,6,Горизонтальный 4*3,Digital (без звука),видеоролик,10,150,576,31,53568,8,4446,2699,100%,,3279,4000,9836,12000
OREN19,Оренбургская область,Оренбург,Ленинский,мкрн. 18_19_20,А,12.2025,Комфорт,ЖК Молодежный 2,"улица Салмышская, 47/1",51.819580,55.172692,2015,15,302,846,4,4,4,0,8,Горизонтальный 4*3,Digital (без звука),видеоролик,10,150,576,31,71424,8,6816,2348,100%,,3279,4000,13115,16000
OREN19,Оренбургская область,Оренбург,Ленинский,мкрн. 18_19_20,А,12.2025,Комфорт,ЖК Молодежный 2,"улица Салмышская, 67",51.813511,55.177516,2021,19,105,294,1,1,1,0,2,Горизонтальный 4*3,Digital (без звука),видеоролик,10,150,576,31,17856,8,2370,1688,100%,,3279,4000,3279,4000
OREN19,Оренбургская область,Оренбург,Ленинский,мкрн. 18_19_20,А,12.2025,Комфорт,ЖК Молодежный 2,"улица Салмышская, 67/1",51.813472,55.179061,2014,16,245,686,4,4,4,0,8,Горизонтальный 4*3,Digital (без звука),видеоролик,10,150,576,31,71424,8,5529,2894,100%,,3279,4000,13115,16000
OREN20,Оренбургская область,Оренбург,Центральный,Промышленный_Центр,Б,12.2025,Стандарт,ЖК Грин Хаус 2,"улица 1 Мая, 61/3",51.791111,55.099381,2017,19,192,538,3,3,3,0,6,Горизонтальный 4*3,Digital (без звука),видеоролик,10,150,576,31,53568,8,4333,2769,100%,,3279,4000,9836,12000
OREN20,Оренбургская область,Оренбург,Центральный,Промышленный_Центр,Б,12.2025,Стандарт,ЖК Грин Хаус 2,"улица Комсомольская, 199/1",51.790722,55.100423,2015,18,507,1 420,7,7,7,0,14,Горизонтальный 4*3,Digital (без звука),видеоролик,10,150,576,31,124992,8,11442,2447,100%,,3279,4000,22951,28000
OREN21,Оренбургская область,Оренбург,Дзержинский,мкрн. 18_19_20,А,12.2025,Стандарт,ЖК Победа,"улица Транспортная, 1/1",51.813305,55.148995,2015,19,741,2 075,10,10,10,0,20,Горизонтальный 4*3,Digital (без звука),видеоролик,10,150,576,31,178560,8,16723,2392,100%,,3279,4000,32787,40000
OREN21,Оренбургская область,Оренбург,Центральный,мкрн. 18_19_20,А,12.2025,Стандарт,ЖК Победа,"Квартальный переулок, 4/1",51.795713,55.125450,2020,20,311,871,4,4,4,0,8,Горизонтальный 4*3,Digital (без звука),видеоролик,10,150,576,31,71424,8,7019,2280,100%,,3279,4000,13115,16000
OREN22,Оренбургская область,Оренбург,Центральный,Промышленный_Центр,А,11.2025,Стандарт,ЖК Новая слободка,"Слесарный переулок, 7",51.759202,55.084729,2024,11,110,308,1,1,1,0,2,Горизонтальный 4*3,Digital (без звука),видеоролик,10,150,576,31,17856,8,2482,1611,100%,,3279,4000,3279,4000
OREN22,Оренбургская область,Оренбург,Центральный,Промышленный_Центр,А,11.2025,Стандарт,ЖК Новая слободка,"улица Черепановых, 44",51.758578,55.084118,2019,11,99,277,2,1,1,1,2,Горизонтальный 4*3,Digital (без звука),видеоролик,10,150,576,31,35712,14,3873,2066,100%,,3279,4000,6557,8000
OREN23,Оренбургская область,Оренбург,Ленинский,мкрн. Дубки,А,03.2026,Комфорт,ЖК Новостройки,"улица Перовского, 1",51.767519,55.171336,2025,20,137,384,2,1,1,1,2,Горизонтальный 4*3,Digital (без звука),видеоролик,10,150,576,31,35712,19,7214,1109,100%,,3279,4000,6557,8000
OREN23,Оренбургская область,Оренбург,Ленинский,мкрн. Дубки,А,03.2026,Комфорт,ЖК Новостройки,"улица Перовского, 3 ",51.767402,55.172495,2025,20,306,857,3,0,3,3,6,Вертикальный 4*3,Digital (без звука),видеоролик,10,150,576,31,53568,11,9208,1303,100%,,3279,4000,9836,12000
OREN23,Оренбургская область,Оренбург,Ленинский,мкрн. Дубки,А,03.2026,Комфорт,ЖК Новостройки,"улица Перовского, 3 ",51.767402,55.172495,2025,20,306,857,3,3,3,0,6,Горизонтальный 4*3,Digital (без звука),видеоролик,10,150,576,31,53568,8,6906,1738,100%,,3279,4000,9836,12000
OREN23,Оренбургская область,Оренбург,Ленинский,мкрн. Дубки,А,03.2026,Комфорт,ЖК Новостройки,"улица Перовского, 1А",51.766878,55.171273,2025,20,221,619,2,1,1,1,2,Горизонтальный 4*3,Digital (без звука),видеоролик,10,150,576,31,35712,19,11638,687,100%,,3279,4000,6557,8000
OREN23,Оренбургская область,Оренбург,Ленинский,мкрн. Дубки,А,03.2026,Комфорт,ЖК Новостройки,"улица Перовского, 3А",51.766750,55.172405,2025,20,136,381,2,1,1,1,2,Горизонтальный 4*3,Digital (без звука),видеоролик,10,150,576,31,35712,19,7162,1117,100%,,3279,4000,6557,8000
OREN24,Оренбургская область,Оренбург,Центральный,Промышленный_Центр,А,03.2026,Бизнес,ЖК Премьер,"улица Терешковой, 23",51.772314,55.100946,2023,15,248,694,6,3,3,3,5,Горизонтальный 4*3,Digital (без звука),видеоролик,10,150,576,31,107136,18,12313,1949,100%,,3279,4000,19672,24000
OREN25,Оренбургская область,Оренбург,Ленинский,мкрн. Дубки,Б,03.2026,Комфорт,ЖК Дрезден,"улица Ленинградская, 92",51.777489,55.145051,2014,11,105,294,8,4,4,4,4,Горизонтальный 4*3,Digital (без звука),видеоролик,10,150,576,31,142848,20,5845,5475,100%,,3279,4000,26230,32000
OREN25,Оренбургская область,Оренбург,Ленинский,мкрн. Дубки,Б,03.2026,Комфорт,ЖК Дрезден,"улица Мало-Ленинская, 167/2","51.775255, 55.140793",,2016,18,256,717,6,3,1,3,1,Вертикальный 4*3,Digital (без звука),видеоролик,10,150,576,31,107136,82,58930,407,100%,,3279,4000,19672,24000
OREN26,Оренбургская область,Оренбург,Ленинский,Промышленный_Центр,Б,03.2026,Комфорт,ЖК Премьер 2,"Почтовый переулок, 11",51.760986,55.109909,2011,8,63,176,3,3,3,0,3,Горизонтальный 4*3,Digital (без звука),видеоролик,10,150,576,31,53568,8,1422,8440,100%,,3279,4000,9836,12000
OREN26,Оренбургская область,Оренбург,Центральный,Промышленный_Центр,Б,03.2026,Комфорт,ЖК Премьер 2,"улица Маршала Жукова, 27",51.773176,55.108085,2007,14,72,202,4,0,1,4,2,Вертикальный 4*3,Digital (без звука),видеоролик,10,150,576,31,71424,30,6066,2638,100%,,3279,4000,13115,16000
OREN26,Оренбургская область,Оренбург,Ленинский,Промышленный_Центр,Б,03.2026,Комфорт,ЖК Премьер 2,"улица Краснознаменная, 47",51.767123,55.107879,2021,10,66,185,4,0,2,4,2,Вертикальный 4*3,Digital (без звука),видеоролик,10,150,576,31,71424,21,3972,4028,100%,,3279,4000,13115,16000
OREN26,Оренбургская область,Оренбург,Ленинский,Промышленный_Центр,Б,03.2026,Комфорт,ЖК Премьер 2,"улица Ленинская, 59/1",51.763144,55.113466,2006,11,94,263,4,0,4,4,4,Вертикальный 4*3,Digital (без звука),видеоролик,10,150,576,31,71424,12,3111,5142,100%,,3279,4000,13115,16000
OREN27,Оренбургская область,Оренбург,Центральный,Промышленный_Центр,Б,04.2026,Комфорт,ЖК Риверсайд,"улица Черепановых, 2А",51.754018,55.090577,2015,14,119,333,2,2,3,0,4,Вертикальный 4*3,Digital (без звука),видеоролик,10,150,576,31,35712,5,1790,4468,100%,,3279,4000,6557,8000
OREN27,Оренбургская область,Оренбург,Центральный,Промышленный_Центр,Б,04.2026,Комфорт,ЖК Риверсайд,"улица Яицкая,1/2",51.754469,55.090757,2015,14,172,482,3,3,3,0,6,Вертикальный 4*3,Digital (без звука),видеоролик,10,150,576,31,53568,8,3882,3091,100%,,3279,4000,9836,12000
OREN27,Оренбургская область,Оренбург,Центральный,Промышленный_Центр,Б,04.2026,Комфорт,ЖК Риверсайд,"улица Яицкая,1/3",51.754469,55.090757,2015,14,172,482,2,2,3,0,6,Вертикальный 4*3,Digital (без звука),видеоролик,10,150,576,31,35712,5,2588,3091,100%,,3279,4000,6557,8000
OREN28,Оренбургская область,Оренбург,Центральный,,Б,08.2026,Комфорт,ЖК Риверсайд 2,"улица Яицкая, 9","51.755177, 55.089580",,2025,11,311,871,12,6,6,6,6,Вертикальный 4*3,Digital (без звука),видеоролик,10,150,576,31,214272,20,17313,2773,100%,,3279,4000,39344,48000
OREN29,Оренбургская область,Оренбург,Ленинский,мкрн. 13_15_16,Б,04.2026,Комфорт,ЖК Новизна,"улица Поляничко, 8",51.823042,55.172198,2017,18,494,1 383,12,6,6,6,12,Вертикальный 4*3,Digital (без звука),видеоролик,10,150,576,31,214272,18,24527,1957,100%,,3279,4000,39344,48000
OREN30,Оренбургская область,Оренбург,Дзержинский,мкрн. 13_15_16,Б,05.2026,Комфорт,ЖК Загородное шоссе,"улица Загородное шоссе, 14",51.837847,55.162685,2015,17,505,1 414,5,5,5,0,10,Горизонтальный 4*3,Digital (без звука),видеоролик,10,150,576,31,89280,8,11397,1755,100%,,3279,4000,16393,20000
OREN30,Оренбургская область,Оренбург,Дзержинский,мкрн. 13_15_16,Б,05.2026,Комфорт,ЖК Загородное шоссе,"улица Загородное шоссе, 14",51.837847,55.162686,2015,17,505,1 414,5,0,5,5,10,Вертикальный 4*3,Digital (без звука),видеоролик,10,150,576,31,89280,9,12916,1548,100%,,3279,4000,16393,20000
OREN31,Оренбургская область,Оренбург,Ленинский,мкрн. 13_15_16,Б,05.2026,Комфорт,ЖК 15 Микрорайон,"улица Поляничко, 11/5",51.822948,55.177552,2021,17,235,658,6,0,3,6,6,Вертикальный 4*3,Digital (без звука),видеоролик,10,150,576,31,107136,18,12021,1996,100%,,3279,4000,19672,24000
OREN31,Оренбургская область,Оренбург,Ленинский,мкрн. 13_15_16,Б,05.2026,Комфорт,ЖК 15 Микрорайон,"Северный проезд, 22",51.827050,55.172315,2018,20,162,454,2,0,1,2,2,Вертикальный 4*3,Digital (без звука),видеоролик,10,150,576,31,35712,21,9749,821,100%,,3279,4000,6557,8000
OREN31,Оренбургская область,Оренбург,Ленинский,мкрн. 13_15_16,Б,05.2026,Комфорт,ЖК 15 Микрорайон,"улица Братьев Хусаиновых, 2/2",51.826299,55.173914,2019,18,372,1 042,4,0,4,4,8,Вертикальный 4*3,Digital (без звука),видеоролик,10,150,576,31,71424,10,10074,1588,100%,,3279,4000,13115,16000
OREN31,Оренбургская область,Оренбург,Ленинский,мкрн. 13_15_16,Б,05.2026,Комфорт,ЖК 15 Микрорайон,"улица Братьев Хусаиновых, 2/2",51.826299,55.173914,2019,18,372,1 042,4,4,4,0,8,Горизонтальный 4*3,Digital (без звука),видеоролик,10,150,576,31,71424,8,8395,1906,100%,,3279,4000,13115,16000
OREN32,Оренбургская область,Оренбург,Ленинский,мкрн. 18_19_20,Б,05.2026,Комфорт,ЖК 18 микрорайон,"улица Диагностики, 17/1",51.817770,55.168012,2007,10,460,1 288,10,0,10,10,10,Вертикальный 4*3,Digital (без звука),видеоролик,10,150,576,31,178560,11,13842,2890,100%,,3279,4000,32787,40000
OREN32,Оренбургская область,Оренбург,Ленинский,мкрн. 18_19_20,Б,05.2026,Комфорт,ЖК 18 микрорайон,"улица Салмышская улица, 58",51.816579,55.171282,2007,17,190,532,2,0,1,10,3,Вертикальный 4*3,Digital (без звука),видеоролик,10,150,576,31,35712,61,32398,247,100%,,3279,4000,6557,8000
OREN33,Оренбургская область,Оренбург,Ленинский,мкрн. 18_19_20,А,05.2026,Комфорт,ЖК Долгие горы,"улица Гаранькина, 26",51.807915,55.179052,2026,17,192,538,6,3,4,3,8,Вертикальный 4*3,Digital (без звука),видеоролик,10,150,576,31,107136,13,6933,3462,100%,,3279,4000,19672,24000
OREN34,Оренбургская область,Оренбург,Ленинский,мкрн. 18_19_20,Б,05.2026,Комфорт,ЖК Фермер,"улица Высотная, 2",51.815822,55.176573,2016,16,240,672,4,0,4,4,8,Вертикальный 4*3,Digital (без звука),видеоролик,10,150,576,31,71424,9,5777,2769,100%,,3279,4000,13115,16000
OREN34,Оренбургская область,Оренбург,Ленинский,мкрн. 18_19_20,Б,05.2026,Комфорт,ЖК Фермер,"улица Высотная, 2",51.815822,55.176574,2016,16,240,672,4,4,4,0,8,Горизонтальный 4*3,Digital (без звука),видеоролик,10,150,576,31,71424,8,5416,2954,100%,,3279,4000,13115,16000
OREN34,Оренбургская область,Оренбург,Ленинский,мкрн. 18_19_20,Б,05.2026,Комфорт,ЖК Фермер,"улица Салмышская, 47",51.819101,55.171408,2012,12,220,616,4,0,4,4,8,Вертикальный 4*3,Digital (без звука),видеоролик,10,150,576,31,71424,6,3972,4028,100%,,3279,4000,13115,16000
OREN34,Оренбургская область,Оренбург,Ленинский,мкрн. 18_19_20,Б,05.2026,Комфорт,ЖК Фермер,"улица Салмышская, 47",51.819101,55.171408,2012,12,220,616,4,4,4,0,8,Горизонтальный 4*3,Digital (без звука),видеоролик,10,150,576,31,71424,8,4965,3223,100%,,3279,4000,13115,16000
OREN35,Оренбургская область,Оренбург,Ленинский,мкрн. 18_19_20,А,06.2026,Комфорт,ЖК Диагностики,"улица Салмышская, 52/3",51.819140,55.167716,2017,14,65,182,2,1,1,1,2,Вертикальный 4*3,Digital (без звука),видеоролик,10,150,576,31,35712,16,2836,2821,100%,,3279,4000,6557,8000
OREN35,Оренбургская область,Оренбург,Ленинский,,А,08.2026,Комфорт,ЖК Диагностики,"улица Салмышская, 56А",51.816679,55.172315,2017,10,40,112,2,1,1,1,2,Вертикальный 4*3,Digital (без звука),видеоролик,10,150,576,31,35712,13,1505,5317,100%,,3279,4000,6557,8000
OREN36,Оренбургская область,Оренбург,Ленинский,мкрн. Дубки,Б,06.2026,Комфорт,ЖК Чкалова,"улица Чкалова, 51/1",51.769944,55.135017,2014,20,401,1 123,12,6,6,6,12,Вертикальный 4*3,Digital (без звука),видеоролик,10,150,576,31,214272,19,21116,2273,100%,,3279,4000,39344,48000
OREN36,Оренбургская область,Оренбург,Ленинский,мкрн. Дубки,Б,06.2026,Комфорт,ЖК Чкалова,"улица Чкалова, 53/3",51.771203,55.138421,2017,15,120,336,2,1,1,1,2,Вертикальный 4*3,Digital (без звука),видеоролик,10,150,576,31,35712,16,5416,1477,100%,,3279,4000,6557,8000
OREN37,Оренбургская область,Оренбург,Ленинский,"мкрн. 13_15_16",Б,06.2026,Комфорт,ЖК Северный проезд,"Северный проезд, 24",51.827445,55.173078,2019,14,182,510,4,2,2,2,4,Вертикальный 4*3,Digital (без звука),видеоролик,10,150,576,31,71424,16,7941,2015,100%,,3279,4000,13115,16000
OREN37,Оренбургская область,Оренбург,Ленинский,мкрн. 13_15_16,Б,08.2026,Комфорт,ЖК Северный проезд,"Северный проезд, 20/1",51.826772,55.171453,2018,14,182,510,4,2,2,2,4,Вертикальный 4*3,Digital (без звука),видеоролик,10,150,576,31,71424,16,7941,2015,100%,,3279,4000,13115,16000
OREN38,Оренбургская область,Оренбург,Ленинский,мкрн. 18_19_20,Б,06.2026,Комфорт,ЖК Фермер 2,"улица Диагностики, 9/1",51.818327,55.166916,2009,11,100,280,4,2,2,2,2,Вертикальный 4*3,Digital (без звука),видеоролик,10,150,576,31,71424,20,5567,2874,100%,,3279,4000,13115,16000
OREN38,Оренбургская область,Оренбург,Ленинский,мкрн. 18_19_20,Б,06.2026,Комфорт,ЖК Фермер 2,"улица Диагностики, 9",51.818695,55.167221,2007,11,100,280,4,2,2,2,2,Вертикальный 4*3,Digital (без звука),видеоролик,10,150,576,31,71424,20,5567,2874,100%,,3279,4000,13115,16000
OREN38,Оренбургская область,Оренбург,Ленинский,мкрн. 18_19_20,Б,06.2026,Комфорт,ЖК Фермер 2,"улица Салмышская, 48/2",51.821061,55.167608,2008,17,101,283,2,1,1,1,2,Вертикальный 4*3,Digital (без звука),видеоролик,10,150,576,31,35712,17,4863,1645,100%,,3279,4000,6557,8000
OREN39,Оренбургская область,Оренбург,Ленинский,мкрн. 13_15_16,Б,06.2026,Комфорт,ЖК Поляничко,"улица Поляничко, 2А",51.825158,55.170087,2016,15,120,336,2,1,1,1,2,Вертикальный 4*3,Digital (без звука),видеоролик,10,150,576,31,35712,16,5416,1477,100%,,3279,4000,6557,8000
OREN39,Оренбургская область,Оренбург,Ленинский,мкрн. 13_15_16,Б,06.2026,Комфорт,ЖК Поляничко,"улица Поляничко, 7/1",51.825141,55.174588,2018,14,216,605,8,4,4,4,8,Вертикальный 4*3,Digital (без звука),видеоролик,10,150,576,31,142848,16,9424,3395,100%,,3279,4000,26230,32000
OREN40,Оренбургская область,Оренбург,Дзержинский,мкрн. 13_15_16,Б,07.2026,Комфорт,ЖК Просторная,"улица Просторная, 19/2",51.838259,55.157861,2008,14,187,524,4,0,4,4,8,Вертикальный 4*3,Digital (без звука),видеоролик,10,150,576,31,71424,8,3939,4062,100%,,3279,4000,13115,16000
OREN41,Оренбургская область,Оренбург,Промышленный,Промышленный_Центр,Б,07.2026,Комфорт,ЖК Юркина,"улица Юркина, 6",51.800441,55.080076,2025,24,400,1 120,7,0,3,7,6,Вертикальный 4*3,Digital (без звука),видеоролик,10,150,576,31,124992,30,33702,831,100%,,3279,4000,22951,28000
OREN41,Оренбургская область,Оренбург,Промышленный,Промышленный_Центр,Б,08.2026,Комфорт,ЖК Юркина,"улица Юркина, 2",51.800575,55.076752,2025,24,721,2 019,4,1,3,3,9,Вертикальный 4*3,Digital (без звука),видеоролик,10,150,576,31,71424,11,22780,702,100%,,3279,4000,13115,16000
OREN42,Оренбургская область,Оренбург,Промышленный,Промышленный_Центр,Б,08.2026,Комфорт,ЖК Юркина 2,"улица Юркина, 10",51.800146,55.082232,2023,24,509,1 425,4,1,3,3,6,Вертикальный 4*3,Digital (без звука),видеоролик,10,150,576,31,71424,16,22208,720,100%,,3279,4000,13115,16000
OREN42,Оренбургская область,Оренбург,Промышленный,Промышленный_Центр,Б,08.2026,Комфорт,ЖК Юркина 2,"улица Юркина, 8",51.800219,55.081199,2022,24,400,1 120,4,2,2,2,5,Вертикальный 4*3,Digital (без звука),видеоролик,10,150,576,31,71424,18,20582,777,100%,,3279,4000,13115,16000
OREN43,Оренбургская область,Оренбург,Ленинский,мкрн. 13_15_16,Б,08.2026,Комфорт,ЖК Хусаиновых,"улица Братьев Хусаиновых, 4/1",51.825898,55.175019,2020,14,190,532,6,3,3,3,6,Вертикальный 4*3,Digital (без звука),видеоролик,10,150,576,31,107136,16,8290,2895,100%,,3279,4000,19672,24000
OREN43,Оренбургская область,Оренбург,Ленинский,мкрн. 13_15_16,Б,08.2026,Комфорт,ЖК Хусаиновых,"улица Братьев Хусаиновых, 4/2",51.825792,55.176052,2020,15,136,381,4,2,3,2,6,Вертикальный 4*3,Digital (без звука),видеоролик,10,150,576,31,71424,11,4092,3910,100%,,3279,4000,13115,16000
OREN44,Оренбургская область,Оренбург,Ленинский,мкрн. 13_15_16,Б,07.2026,Комфорт,ЖК Аквамарин,"улица Поляничко, 5",51.824584,55.171911,2018,15,140,392,3,0,3,3,6,Вертикальный 4*3,Digital (без звука),видеоролик,10,150,576,31,53568,8,3160,3798,100%,,3279,4000,9836,12000
OREN44,Оренбургская область,Оренбург,Ленинский,мкрн. 13_15_16,Б,08.2026,Комфорт,ЖК Аквамарин,"улица Поляничко, 7/2",51.825236,55.173474,2018,14,164,459,3,0,3,3,6,Вертикальный 4*3,Digital (без звука),видеоролик,10,150,576,31,53568,8,3454,3474,100%,,3279,4000,9836,12000
OREN44,Оренбургская область,Оренбург,Ленинский,мкрн. 13_15_16,Б,08.2026,Комфорт,ЖК Аквамарин,"улица Поляничко, 11",51.822246,55.174390,2020,15,224,627,4,2,2,2,4,Вертикальный 4*3,Digital (без звука),видеоролик,10,150,576,31,71424,16,10110,1583,100%,,3279,4000,13115,16000
OREN45,Оренбургская область,Оренбург,Ленинский,мкрн. 13_15_16,Б,08.2026,Комфорт,ЖК Поляничко-1,"улица Поляничко, 12",51.820543,55.174749,2016,15,416,1 165,2,1,4,1,8,Вертикальный 4*3,Digital (без звука),видеоролик,10,150,576,31,35712,4,4694,1704,100%,,3279,4000,6557,8000
OREN45,Оренбургская область,Оренбург,Ленинский,мкрн. 13_15_16,Б,08.2026,Комфорт,ЖК Поляничко-1,"улица Поляничко, 12/1",51.820008,55.173770,2015,17,328,918,2,1,4,1,2,Вертикальный 4*3,Digital (без звука),видеоролик,10,150,576,31,35712,11,10240,781,100%,,3279,4000,6557,8000
OREN46,Оренбургская область,Оренбург,Ленинский,мкрн. 13_15_16,Б,08.2026,Комфорт,ЖК Поляничко-2,"улица Поляничко, 13",51.821690,55.175127,2022,19,144,403,2,0,1,2,2,Вертикальный 4*3,Digital (без звука),видеоролик,10,150,576,31,35712,20,8233,972,100%,,3279,4000,6557,8000
OREN47,Оренбургская область,Оренбург,Ленинский,мкрн. 18_19_20,Б,08.2026,Комфорт,ЖК Высотная,"улица Высотная, 8",51.816808,55.179337,2014,16,127,356,2,2,2,0,4,Горизонтальный 4*3,Digital (без звука),видеоролик,10,150,576,31,35712,8,2866,2791,100%,,3279,4000,6557,8000
OREN47,Оренбургская область,Оренбург,Ленинский,мкрн. 18_19_20,Б,08.2026,Комфорт,ЖК Высотная,"улица Высотная, 8",51.816808,55.179337,2014,16,127,356,2,0,2,2,4,Вертикальный 4*3,Digital (без звука),видеоролик,10,150,576,31,35712,9,3057,2617,100%,,3279,4000,6557,8000
OREN47,Оренбургская область,Оренбург,Ленинский,мкрн. 18_19_20,Б,08.2026,Комфорт,ЖК Высотная,"улица Высотная, 6",51.816481,55.178547,2013,14,139,389,2,2,2,0,4,Горизонтальный 4*3,Digital (без звука),видеоролик,10,150,576,31,35712,8,3137,2550,100%,,3279,4000,6557,8000
OREN47,Оренбургская область,Оренбург,Ленинский,мкрн. 18_19_20,Б,08.2026,Комфорт,ЖК Высотная,"улица Высотная, 6",51.816481,55.178547,2013,14,139,389,2,0,2,2,4,Вертикальный 4*3,Digital (без звука),видеоролик,10,150,576,31,35712,8,2928,2732,100%,,3279,4000,6557,8000
OREN48,Оренбургская область,Оренбург,Ленинский,,Б,08.2026,Комфорт,ЖК Движение,"улица Братьев Хусаиновых, 4",51.826627,55.175917,2020,18,359,1 005,6,3,3,3,3,Вертикальный 4*3,Digital (без звука),видеоролик,10,150,576,31,107136,27,27547,871,100%,,3279,4000,19672,24000
OREN49,Оренбургская область,Оренбург,Ленинский,,Б,08.2026,Комфорт,ЖК Грандпарк,"улица Ильи Глазунова, 12",51.761934,55.216413,2026,13,156,437,3,0,3,3,6,Вертикальный 4*3,Digital (без звука),видеоролик,10,150,576,31,53568,7,3051,3933,100%,,3279,4000,9836,12000
OREN49,Оренбургская область,Оренбург,Ленинский,,Б,08.2026,Комфорт,ЖК Грандпарк,"улица Ильи Глазунова, 10",51.761254,55.215479,2025,10,160,448,4,0,4,4,6,Вертикальный 4*3,Digital (без звука),видеоролик,10,150,576,31,71424,7,3210,4985,100%,,3279,4000,13115,16000
NN1,Нижегородская область,Нижний Новгород,Приокский ,Приокский,Б,10.2025,Комфорт,ЖК Цветы 1,"улица Цветочная, 12к3",56.260948,44.011365,2022,20,191,535,1,1,1,0,3,Горизонтальный 4*3,Digital (без звука),видеоролик,10,150,576,31,17856,8,4310,928,100%,,3279,4000,3279,4000
NN1,Нижегородская область,Нижний Новгород,Приокский ,Приокский,Б,10.2025,Комфорт,ЖК Цветы 1,"улица Цветочная, 12к1",56.260331,44.009545,2023,20,193,540,3,1,1,2,2,Горизонтальный 4*3,Digital (без звука),видеоролик,10,150,576,31,53568,30,15971,751,100%,,3279,4000,9836,12000
NN1,Нижегородская область,Нижний Новгород,Приокский ,Приокский,Б,10.2025,Комфорт,ЖК Цветы 1,"улица Цветочная, 12к2",56.260639,44.010453,2023,20,190,532,1,1,1,0,2,Горизонтальный 4*3,Digital (без звука),видеоролик,10,150,576,31,17856,8,4288,933,100%,,3279,4000,3279,4000
NN1,Нижегородская область,Нижний Новгород,​Советский,Приокский,Б,10.2025,Комфорт,ЖК Цветы 1,"улица Академика Сахарова, 99к1",56.266357, 44.021994,2022,18,170,476,2,2,2,0,4,Горизонтальный 4*3,Digital (без звука),видеоролик,10,150,576,31,35712,8,3837,2085,100%,,3279,4000,6557,8000
NN1,Нижегородская область,Нижний Новгород,Приокский,Приокский,Б,10.2025,Комфорт,ЖК Цветы 1,"улица Цветочная, 13",56.260304,44.005569,2019,21,180,504,1,1,1,0,2,Горизонтальный 4*3,Digital (без звука),видеоролик,10,150,576,31,17856,8,4062,985,100%,,3279,4000,3279,4000
NN2,Нижегородская область,Нижний Новгород,Приокский,Приокский,Б,03.2026,Комфорт,ЖК Цветы 2,"улица Сахарова, 117к",56.261087,44.013348,2013,18,171,479,6,2,2,4,4,Горизонтальный 4*3,Digital (без звука),видеоролик,10,150,576,31,107136,27,13121,1829,100%,,3279,4000,19672,24000
NN3,Нижегородская область,Нижний Новгород,Приокский,Приокский,Б,05.2026,Комфорт,ЖК Цветы 3,"улица Сахарова, 117к2",56.261617,44.012438,2020,19,171,479,2,2,2,0,4,Горизонтальный 4*3,Digital (без звука),видеоролик,10,150,576,31,35712,8,3859,2073,100%,,3279,4000,6557,8000
NN3,Нижегородская область,Нижний Новгород,​Советский,Приокский,Б,05.2026,Комфорт,ЖК Цветы 3,"улица Первоцветная, 8",56.266067,44.018769,2016,17,164,459,4,0,2,4,4,Вертикальный 4*3,Digital (без звука),видеоролик,10,150,576,31,71424,18,8389,1907,100%,,3279,4000,13115,16000
NN3,Нижегородская область,Нижний Новгород,​Советский,Приокский,Б,05.2026,Комфорт,ЖК Цветы 3,"улица Первоцветная, 6",56.265627,44.019686,2015,17,167,468,2,2,2,0,4,Вертикальный 4*3,Digital (без звука),видеоролик,10,150,576,31,35712,8,3769,2123,100%,,3279,4000,6557,8000
NN4,Нижегородская область,Нижний Новгород,Приокский,Приокский,Б,07.2026,Комфорт,ЖК Цветы 4,"улица Академика Сахарова, 115 к1",56.261559,44.014893,2014,17,164,459,6,2,2,4,4,Вертикальный 4*3,Digital (без звука),видеоролик,10,150,576,31,107136,26,12090,1985,100%,,3279,4000,19672,24000
NN5,Нижегородская область,Нижний Новгород,Приокский,Приокский,Б,07.2026,Комфорт,ЖК Цветы 5,"улица Академика Сахарова, 107",56.262667,44.020243,2013,19,180,504,3,0,1,3,3,Вертикальный 4*3,Digital (без звука),видеоролик,10,150,576,31,53568,20,10291,1166,100%,,3279,4000,9836,12000
NN6,Нижегородская область,Нижний Новгород,​Советский,мкрн. Кузнечиха,Б,11.2025,Комфорт,ЖК Новая Кузнечиха 1,"улица Героев Донбасса, 12",56.269292,44.039356,2025,26,293,820,2,2,2,0,4,Горизонтальный 4*3,Digital (без звука),видеоролик,10,150,576,31,35712,8,6612,1210,100%,,3279,4000,6557,8000
NN6,Нижегородская область,Нижний Новгород,​Советский,мкрн. Кузнечиха,Б,11.2025,Комфорт,ЖК Новая Кузнечиха 1,"улица Героев Донбасса, 15",56.269376,44.037397,2024,11,128,358,3,3,3,0,3,Горизонтальный 4*3,Digital (без звука),видеоролик,10,150,576,31,53568,8,2889,4154,100%,,3279,4000,9836,12000
NN7,Нижегородская область,Нижний Новгород,​Советский,мкрн. Кузнечиха,Б,11.2025,Комфорт,ЖК Новая Кузнечиха 2,"улица Новокузнечихинская, 6",56.271885,44.041751,2023,11,158,442,3,3,3,0,3,Горизонтальный 4*3,Digital (без звука),видеоролик,10,150,576,31,53568,8,3566,3365,100%,,3279,4000,9836,12000
NN7,Нижегородская область,Нижний Новгород,Советский,мкрн. Кузнечиха,Б,11.2025,Комфорт,ЖК Новая Кузнечиха 2,"улица  Новокузнечихинская, 14",56.27145,44.04693,2022,19,256,717,2,2,2,0,4,Горизонтальный 4*3,Digital (без звука),видеоролик,10,150,576,31,35712,8,5777,1385,100%,,3279,4000,6557,8000
NN8,Нижегородская область,Нижний Новгород,Советский,мкрн. Кузнечиха,Б,12.2025,Комфорт,ЖК Новая Кузнечиха 3,"улица Новокузнечихинская, 1",56.270472,44.03994,2023,11,215,602,5,5,5,0,5,Горизонтальный 4*3,Digital (без звука),видеоролик,10,150,576,31,89280,8,4852,4122,100%,,3279,4000,16393,20000
NN9,Нижегородская область,Нижний Новгород,Советский,мкрн. Кузнечиха,Б,01.2026,Комфорт,ЖК Новая Кузнечиха 4,"улица Новокузнечихинская, 12",56.272025,44.048048,2021,11,110,308,2,2,2,0,3,Горизонтальный 4*3,Digital (без звука),видеоролик,10,150,576,31,35712,8,2482,3223,100%,,3279,4000,6557,8000
NN9,Нижегородская область,Нижний Новгород,Советский,мкрн. Кузнечиха,Б,01.2026,Комфорт,ЖК Новая Кузнечиха 4,"улица Героев Донбасса, 6",56.273342,44.052178,2023,11,109,305,2,2,2,0,4,Горизонтальный 4*3,Digital (без звука),видеоролик,10,150,576,31,35712,8,2460,3252,100%,,3279,4000,6557,8000
NN10,Нижегородская область,Нижний Новгород,Советский ,мкрн. Кузнечиха,Б,03.2026,Комфорт,ЖК Новая Кузнечиха 5,"улица Героев Донбасса, 4",56.272782,44.052752,2021,11,219,613,6,6,6,0,6,Горизонтальный 4*3,Digital (без звука),видеоролик,10,150,576,31,107136,8,4942,4856,100%,,3279,4000,19672,24000
NN11,Нижегородская область,Нижний Новгород,​Советский,мкрн. Кузнечиха,Б,03.2026,Комфорт,ЖК Новая Кузнечиха 6,"улица Романтиков, 13",56.274571,44.049331,2021,11,109,305,2,2,2,0,3,Горизонтальный 4*3,Digital (без звука),видеоролик,10,150,576,31,35712,8,2460,3252,100%,,3279,4000,6557,8000
NN11,Нижегородская область,Нижний Новгород,Советский,мкрн. Кузнечиха,Б,03.2026,Комфорт,ЖК Новая Кузнечиха 6,"улица Новокузнечихинская, 7",56.274216,44.051871,2023,11,224,627,5,5,5,0,5,Горизонтальный 4*3,Digital (без звука),видеоролик,10,150,576,31,89280,8,5055,3956,100%,,3279,4000,16393,20000
NN12,Нижегородская область,Нижний Новгород,​Советский,мкрн. Кузнечиха,Б,03.2026,Комфорт,ЖК Новая Кузнечиха 7,"улица Романтиков, 8",56.275575,44.051339,2020,11,238,666,6,6,6,0,6,Горизонтальный 4*3,Digital (без звука),видеоролик,10,150,576,31,107136,8,5371,4468,100%,,3279,4000,19672,24000
NN12,Нижегородская область,Нижний Новгород,​Советский,мкрн. Кузнечиха,Б,03.2026,Комфорт,ЖК Новая Кузнечиха 7,"улица Романтиков, 9",56.276068,44.052101,2020,19,143,400,6,2,2,4,3,Горизонтальный 4*3,Digital (без звука),видеоролик,10,150,576,31,107136,35,14128,1699,100%,,3279,4000,19672,24000
NN13,Нижегородская область,Нижний Новгород,Нижегородский,Нижегородский_Печеры,Б,11.2025,Комфорт,ЖК Академический,"улица Академическая, 6",56.282011,44.085110,2017,14,117,328,1,1,1,0,2,Горизонтальный 4*3,Digital (без звука),видеоролик,10,150,576,31,17856,8,2640,1515,100%,,3279,4000,3279,4000
NN13,Нижегородская область,Нижний Новгород,Нижегородский,Нижегородский_Печеры,Б,11.2025,Комфорт,ЖК Академический,"улица Академическая, 9",56.282016,44.086017,2021,14,120,336,1,1,1,0,2,Горизонтальный 4*3,Digital (без звука),видеоролик,10,150,576,31,17856,8,2708,1477,100%,,3279,4000,3279,4000
NN13,Нижегородская область,Нижний Новгород,Нижегородский,Нижегородский_Печеры,Б,11.2025,Комфорт,ЖК Академический,"улица Академическая, 10",56.281646,44.087823,2018,14,190,532,1,1,1,0,2,Горизонтальный 4*3,Digital (без звука),видеоролик,10,150,576,31,17856,8,4288,933,100%,,3279,4000,3279,4000
NN13,Нижегородская область,Нижний Новгород,Нижегородский,Нижегородский_Печеры,Б,11.2025,Комфорт,ЖК Академический," улица Академическая, 12",56.280397,44.089566,2018,16,290,812,2,2,1,0,4,Горизонтальный 4*3,Digital (без звука),видеоролик,10,150,576,31,35712,16,13089,611,100%,,3279,4000,6557,8000
NN13,Нижегородская область,Нижний Новгород,Нижегородский,Нижегородский_Печеры,Б,11.2025,Комфорт,ЖК Академический,"улица Академическая, 14",56.280127,44.090760,2019,16,150,420,1,1,1,0,2,Горизонтальный 4*3,Digital (без звука),видеоролик,10,150,576,31,17856,8,3385,1182,100%,,3279,4000,3279,4000
NN13,Нижегородская область,Нижний Новгород,Нижегородский,Нижегородский_Печеры,Б,11.2025,Комфорт,ЖК Академический,"улица Академическая, 16",56.278428,44.093267,2020,16,160,448,1,1,1,0,3,Горизонтальный 4*3,Digital (без звука),видеоролик,10,150,576,31,17856,8,3611,1108,100%,,3279,4000,3279,4000
NN13,Нижегородская область,Нижний Новгород,Нижегородский,Нижегородский_Печеры,Б,11.2025,Комфорт,ЖК Академический,"улица Академическая, 11",56.280866,44.088407,2021,14,154,431,1,1,1,0,2,Горизонтальный 4*3,Digital (без звука),видеоролик,10,150,576,31,17856,8,3475,1151,100%,,3279,4000,3279,4000
NN13,Нижегородская область,Нижний Новгород,Нижегородский,Нижегородский_Печеры,Б,11.2025,Комфорт,ЖК Академический,"шоссе Казанское, 14к3",56.284054,44.082199,2022,9,284,795,4,4,1,0,4,Горизонтальный 4*3,Digital (без звука),видеоролик,10,150,576,31,71424,32,25637,624,100%,,3279,4000,13115,16000
NN13,Нижегородская область,Нижний Новгород,Нижегородский,Нижегородский_Печеры,Б,11.2025,Комфорт,ЖК Академический,"улица Академическая, 20",56.277413,44.097138,2025,11,120,336,1,1,1,0,3,Горизонтальный 4*3,Digital (без звука),видеоролик,10,150,576,31,17856,8,2708,1477,100%,,3279,4000,3279,4000
NN14,Нижегородская область,Нижний Новгород,​Советский,Советский Центр,Б,03.2026,Бизнес,ЖК Центр 1,"улица Полтавская, 11",56.316139,44.024240,2004,9,45,126,2,2,2,0,2,Горизонтальный 4*3,Digital (без звука),видеоролик,10,150,576,31,35712,8,1016,7877,100%,,3279,4000,6557,8000
NN14,Нижегородская область,Нижний Новгород,​Советский,Советский Центр,Б,03.2026,Бизнес,ЖК Центр 1,"улица Невзоровых, 49",56.315855,44.022156,2007,10,107,300,3,3,2,0,2,Горизонтальный 4*3,Digital (без звука),видеоролик,10,150,576,31,53568,12,3622,3313,100%,,3279,4000,9836,12000
NN14,Нижегородская область,Нижний Новгород,​Советский,Советский Центр,Б,03.2026,Бизнес,ЖК Центр 1,"улица Невзоровых, 51",56.316159,44.023063,2007,9,75,210,2,2,2,0,2,Горизонтальный 4*3,Digital (без звука),видеоролик,10,150,576,31,35712,8,1693,4726,100%,,3279,4000,6557,8000
NN14,Нижегородская область,Нижний Новгород,​Советский,Советский Центр,Б,03.2026,Бизнес,ЖК Центр 1,"улица Генкиной, 44",56.314582,44.022354,2012,10,83,232,3,3,2,0,2,Горизонтальный 4*3,Digital (без звука),видеоролик,10,150,576,31,53568,12,2810,4271,100%,,3279,4000,9836,12000
NN15,Нижегородская область,Нижний Новгород,​Советский,Советский Центр,Б,03.2026,Бизнес,ЖК Центр 2,"улица Дунаева, 19",56.315336,44.023845,2014,10,60,168,2,2,2,0,2,Горизонтальный 4*3,Digital (без звука),видеоролик,10,150,576,31,35712,8,1354,5908,100%,,3279,4000,6557,8000
NN15,Нижегородская область,Нижний Новгород,​Советский,Советский Центр,Б,03.2026,Бизнес,ЖК Центр 2,"улица Дунаева, 15",56.314981,44.022273,2011,10,89,249,3,3,2,0,2,Горизонтальный 4*3,Digital (без звука),видеоролик,10,150,576,31,53568,12,3013,3983,100%,,3279,4000,9836,12000
NN15,Нижегородская область,Нижний Новгород,​Советский,Советский Центр,Б,03.2026,Бизнес,ЖК Центр 2,"улица Дунаева, 17",56.315076,44.023045,2011,10,63,176,2,2,2,0,2,Горизонтальный 4*3,Digital (без звука),видеоролик,10,150,576,31,35712,8,1422,5627,100%,,3279,4000,6557,8000
NN16,Нижегородская область,Нижний Новгород,​Советский,Советский Центр,Б,06.2026,Стандарт,ЖК Центр 3,"улица Полтавская , 35",56.313943,44.026270,1990,9,252,706,7,7,7,0,7,Вертикальный 4*3,Digital (без звука),видеоролик,10,150,576,31,124992,8,5687,4923,100%,,3279,4000,22951,28000
NN17,Нижегородская область,Нижний Новгород,Советский ,Советский Центр,Б,07.2026,Комфорт,ЖК Центр 4,"улица Невзоровых, 66А",56.316674,44.023297,2006,9,89,249,3,0,4,3,3,Вертикальный 4*3,Digital (без звука),видеоролик,10,150,576,31,53568,10,2410,4979,100%,,3279,4000,9836,12000
NN18,Нижегородская область,Нижний Новгород,Советский ,,Б,08.2026,Комфорт,ЖК Центр 6,"улица Ижорская, 34А",56.313968,44.023027,2003,12,58,162,2,2,2,0,3,Вертикальный 4*3,Digital (без звука),видеоролик,10,150,576,31,35712,8,1309,6112,100%,,3279,4000,6557,8000
NN19,Нижегородская область,Нижний Новгород,Нижегородский,Нижегородский_Печеры,Б,03.2026,Комфорт,ЖК Печерская гряда 1,"улица Богдановича, 4к1",56.283869,44.073010,2010,17,236,661,6,0,3,6,6,Горизонтальный 4*3,Digital (без звука),видеоролик,10,150,576,31,107136,18,12072,1988,100%,,3279,4000,19672,24000
NN19,Нижегородская область,Нижний Новгород,Нижегородский,Нижегородский_Печеры,Б,03.2026,Комфорт,ЖК Печерская гряда 1,"улица Богдановича, 4",56.284464,44.073028,2010,17,221,619,6,0,3,6,6,Горизонтальный 4*3,Digital (без звука),видеоролик,10,150,576,31,107136,18,11305,2123,100%,,3279,4000,19672,24000
NN20,Нижегородская область,Нижний Новгород,Нижегородский,Нижегородский_Печеры,Б,03.2026,Комфорт,ЖК Печерская гряда 2,"улица Богдановича, 2/27",56.284479,44.075453,2008,17,221,619,9,3,3,6,6,Горизонтальный 4*3,Digital (без звука),видеоролик,10,150,576,31,160704,26,16293,2210,100%,,3279,4000,29508,36000
NN20,Нижегородская область,Нижний Новгород,Нижегородский,Нижегородский_Печеры,Б,03.2026,Комфорт,ЖК Печерская гряда 2,"улица Нижне-Печёрская, 6",56.285089,44.065149,2002,9,169,473,5,5,5,0,6,Горизонтальный 4*3,Digital (без звука),видеоролик,10,150,576,31,89280,8,3814,5244,100%,,3279,4000,16393,20000
NN21,Нижегородская область,Нижний Новгород,Нижегородский,Нижегородский_Печеры,Б,06.2026,Комфорт,ЖК Печерская гряда 3,"улица Богдановича, 8",56.284459,44.068833,2012,17,202,566,6,0,3,6,6,Вертикальный 4*3,Digital (без звука),видеоролик,10,150,576,31,107136,18,10333,2323,100%,,3279,4000,19672,24000
NN22,Нижегородская область,Нижний Новгород,​Советский,мкрн. Кузнечиха,Б,03.2026,Стандарт,ЖК Королева,"бульвар Академика Б.А. Королёва, 2",56.282785,44.035460,2015,20,126,353,1,1,1,0,2,Горизонтальный 4*3,Digital (без звука),видеоролик,10,150,576,31,17856,8,2844,1407,100%,,3279,4000,3279,4000
NN22,Нижегородская область,Нижний Новгород,​Советский,мкрн. Кузнечиха,Б,03.2026,Стандарт,ЖК Королева,"бульвар Академика Б.А. Королёва, 4",56.282800,44.034634,2013,20,126,353,1,1,1,0,2,Горизонтальный 4*3,Digital (без звука),видеоролик,10,150,576,31,17856,8,2844,1407,100%,,3279,4000,3279,4000
NN22,Нижегородская область,Нижний Новгород,Советский ,мкрн. Кузнечиха,Б,03.2026,Стандарт,ЖК Королева,"бульвар Академика Б.А. Королёва, 8",56.282804,44.032619,2012,19,126,353,3,1,1,2,2,Вертикальный 4*3,Digital (без звука),видеоролик,10,150,576,31,53568,28,10047,1194,100%,,3279,4000,9836,12000
NN23,Нижегородская область,Нижний Новгород,​Советский,Советский Центр,Б,03.2026,Бизнес,ЖК Европейский квартал,"улица Тимирязева, 9к2",56.307067,43.999456,2023,22,197,552,2,2,2,0,4,Горизонтальный 4*3,Digital (без звука),видеоролик,10,150,576,31,35712,8,4446,1799,100%,,3279,4000,6557,8000
NN23,Нижегородская область,Нижний Новгород,​Советский,Советский Центр,Б,03.2026,Бизнес,ЖК Европейский квартал,"улица Тимирязева, 13/1",56.305454,44.001001,2014,11,30,84,1,1,2,0,4,Вертикальный 4*3,Digital (без звука),видеоролик,10,150,576,31,17856,4,339,11816,100%,,3279,4000,3279,4000
NN24,Нижегородская область,Нижний Новгород,Нижегородский,Нижегородский_Печеры,Б,04.2026,Комфорт,"ЖК Облака","улица Родионова, 191к1",56.303536,44.077465,2019,10,223,624,4,0,4,4,8,Горизонтальный 4*3,Digital (без звука),видеоролик,10,150,576,31,71424,5,3355,4769,100%,,3279,4000,13115,16000
NN24,Нижегородская область,Нижний Новгород,Нижегородский,Нижегородский_Печеры,Б,04.2026,Комфорт,"ЖК Облака","улица Родионова, 191к1",56.303536,44.077465,2019,10,223,624,3,0,4,3,8,Вертикальный 4*3,Digital (без звука),видеоролик,10,150,576,31,53568,4,2516,4769,100%,,3279,4000,9836,12000
NN25,Нижегородская область,Нижний Новгород,Нижегородский,Нижегородский_Печеры,Б,06.2026,Комфорт,ЖК Облака 2,"улица Родионова, 195к2",56.302567,44.077807,2009,10,72,202,2,2,2,0,2,Вертикальный 4*3,Digital (без звука),видеоролик,10,150,576,31,35712,8,1625,4923,100%,,3279,4000,6557,8000
NN26,Нижегородская область,Нижний Новгород,Советский,мкрн. Кузнечиха,Б,05.2026,Комфорт,ЖК Белый город 1,"бульвар 60-летия Октября, 21к1",56.285338,44.043581,2017,26,150,420,3,0,1,3,3,Вертикальный 4*3,Digital (без звука),видеоролик,10,150,576,31,53568,28,11735,1023,100%,,3279,4000,9836,12000
NN27,Нижегородская область,Нижний Новгород,Советский,мкрн. Кузнечиха,Б,05.2026,Стандарт,ЖК Белый город 2,"бульвар 60-летия Октября, 25к3",56.287167,44.040760,2013,18,102,286,4,1,1,3,3,Вертикальный 4*3,Digital (без звука),видеоролик,10,150,576,31,71424,27,7827,2044,100%,,3279,4000,13115,16000
NN28,Нижегородская область,Нижний Новгород,Нижегородский,Нижегородский_Печеры,Б,05.2026,Комфорт,ЖК Белый город 3,"улица Родионова, 165к10",56.314197,44.067503,2013,17,160,448,6,2,2,4,4,Вертикальный 4*3,Digital (без звука),видеоролик,10,150,576,31,107136,26,11796,2035,100%,,3279,4000,19672,24000
NN29,Нижегородская область,Нижний Новгород,Советский,мкрн. Кузнечиха,Б,06.2026,Стандарт,ЖК Белый город 4,"бульвар 60-летия Октября, 25к2",56.286193,44.040832,2013,18,102,286,4,1,1,3,3,Вертикальный 4*3,Digital (без звука),видеоролик,10,150,576,31,71424,27,7827,2044,100%,,3279,4000,13115,16000
NN30,Нижегородская область,Нижний Новгород,Нижегородский,Нижегородский_Печеры,Б,05.2026,Комфорт,ЖК Долина,"улица Родионова, 165",56.313643,44.069767,2007,18,102,286,3,1,2,2,4,Вертикальный 4*3,Digital (без звука),видеоролик,10,150,576,31,53568,14,3913,3066,100%,,3279,4000,9836,12000
NN30,Нижегородская область,Нижний Новгород,Нижегородский,Нижегородский_Печеры,Б,05.2026,Комфорт,ЖК Долина,"улица Родионова, 165к6",56.313598,44.067494,2005,10,50,140,2,1,1,1,1,Вертикальный 4*3,Digital (без звука),видеоролик,10,150,576,31,35712,19,2633,3038,100%,,3279,4000,6557,8000
NN31,Нижегородская область,Нижний Новгород,Нижегородский,Нижегородский_Печеры,Б,05.2026,Стандарт,ЖК Нижнепечерская,"улица Нижне-Печёрская, 4",56.286398,44.065167,2003,16,181,507,6,0,5,6,6,Вертикальный 4*3,Digital (без звука),видеоролик,10,150,576,31,107136,17,8714,2754,100%,,3279,4000,19672,24000
NN31,Нижегородская область,Нижний Новгород,Нижегородский,Нижегородский_Печеры,Б,05.2026,Стандарт,ЖК Нижнепечерская,"улица Нижне-Печёрская, 15",56.284519,44.062481,2010,17,160,448,4,2,2,2,4,Вертикальный 4*3,Digital (без звука),видеоролик,10,150,576,31,71424,17,7703,2077,100%,,3279,4000,13115,16000
NN72,Нижегородская область,Нижний Новгород,Нижегородский,Нижегородский_Печеры,Б,06.2026,Стандарт,ЖК Нижнепечерская 3,"улица Нижне-Печёрская, 17",56.283819,44.061242,2009,17,167,468,6,2,2,4,4,Вертикальный 4*3,Digital (без звука),видеоролик,10,150,576,31,107136,26,12312,1949,100%,,3279,4000,19672,24000
NN32,Нижегородская область,Нижний Новгород,Приокский,Приокский,Б,05.2026,Стандарт,ЖК Победа 1,"улица 40 лет Победы, 18",56.223286,43.951926,2013,10,301,843,4,4,4,0,8,Вертикальный 4*3,Digital (без звука),видеоролик,10,150,576,31,71424,8,6793,2355,100%,,3279,4000,13115,16000
NN33,Нижегородская область,Нижний Новгород,Приокский,Приокский,Б,05.2026,Стандарт,ЖК Победа 2,"улица 40 лет Победы, 22",56.222310,43.952132,2013,10,137,384,2,2,2,0,2,Вертикальный 4*3,Digital (без звука),видеоролик,10,150,576,31,35712,8,3092,2587,100%,,3279,4000,6557,8000
NN34,Нижегородская область,Нижний Новгород,Нижегородский,Нижегородский_Печеры,Б,06.2026,Стандарт,ЖК Корица 1,"улица Александра Хохлова, 15",56.302468,44.066757,2005,10,90,252,2,2,2,0,2,Вертикальный 4*3,Digital (без звука),видеоролик,10,150,576,31,35712,8,2031,3939,100%,,3279,4000,6557,8000
NN35,Нижегородская область,Нижний Новгород,Нижегородский,Нижегородский_Печеры,Б,06.2026,Комфорт,ЖК Корица 2,"улица Александра Хохлова, 1",56.303731,44.069560,2007,10,280,784,4,4,6,0,6,Вертикальный 4*3,Digital (без звука),видеоролик,10,150,576,31,71424,5,4213,3798,100%,,3279,4000,13115,16000
NN35,Нижегородская область,Нижний Новгород,Нижегородский,Нижегородский_Печеры,Б,06.2026,Комфорт,ЖК Корица 2,"улица Александра Хохлова, 1",56.303731,44.069560,2007,10,280,784,2,2,6,0,6,Горизонтальный 4*3,Digital (без звука),видеоролик,10,150,576,31,35712,3,2106,3798,100%,,3279,4000,6557,8000
NN36,Нижегородская область,Нижний Новгород,Нижегородский,Нижегородский_Печеры,Б,05.2026,Комфорт,ЖК Корица 3,"улица Александра Хохлова, 21",56.303586,44.067593,2013,9,224,627,6,6,6,0,6,Вертикальный 4*3,Digital (без звука),видеоролик,10,150,576,31,107136,8,5055,4748,100%,,3279,4000,19672,24000
NN37,Нижегородская область,Нижний Новгород,Нижегородский,Нижегородский_Печеры,Б,06.2026,Комфорт,ЖК Корица 4,"улица Александра Хохлова, 1",56.303731,44.069560,2007,10,280,784,6,0,6,6,6,Вертикальный 4*3,Digital (без звука),видеоролик,10,150,576,31,107136,11,8425,2849,100%,,3279,4000,19672,24000
NN38,Нижегородская область,Нижний Новгород,Советский,Советский Центр,Б,05.2026,Бизнес,ЖК Оранжерейная,"улица 1-я Оранжерейная, 28А",56.304960,43.995027,2010,10,244,683,7,0,7,7,7,Вертикальный 4*3,Digital (без звука),видеоролик,10,150,576,31,124992,11,7342,3814,100%,,3279,4000,22951,28000
NN39,Нижегородская область,Нижний Новгород,Нижегородский,Нижегородский_Печеры,Б,05.2026,Бизнес,ЖК Лопатина,"улица Германа Лопатина, 12к1",56.298482,44.060784,2010,17,194,543,4,0,2,4,4,Вертикальный 4*3,Digital (без звука),видеоролик,10,150,576,31,71424,18,9924,1612,100%,,3279,4000,13115,16000
NN39,Нижегородская область,Нижний Новгород,Нижегородский,Нижегородский_Печеры,Б,05.2026,Бизнес,ЖК Лопатина,"улица Германа Лопатина, 12к2",56.298177,44.060218,2010,11,32,90,1,0,1,1,1,Вертикальный 4*3,Digital (без звука),видеоролик,10,150,576,31,17856,12,1059,3776,100%,,3279,4000,3279,4000
NN40,Нижегородская область,Нижний Новгород,Приокский,Приокский,Б,06.2026,Комфорт,ЖК Приокский,"улица Маршала Жукова, 8к1",56.235185,43.960109,2024,16,180,504,4,0,3,4,6,Вертикальный 4*3,Digital (без звука),видеоролик,10,150,576,31,71424,11,5777,2769,100%,,3279,4000,13115,16000
NN41,Нижегородская область,Нижний Новгород,Автозаводский,Автозаводский,Б,06.2026,Стандарт,ЖК Водный мир 1,"улица Янки Купалы, 32",56.236601,43.845377,2010,17,160,448,4,0,2,4,4,Вертикальный 4*3,Digital (без звука),видеоролик,10,150,576,31,71424,18,8185,1955,100%,,3279,4000,13115,16000
NN42,Нижегородская область,Нижний Новгород,Автозаводский,Автозаводский,Б,06.2026,Стандарт,ЖК Водный мир 2,"улица Янки Купалы, 36",56.237267,43.844496,2010,17,160,448,4,0,2,4,4,Вертикальный 4*3,Digital (без звука),видеоролик,10,150,576,31,71424,18,8185,1955,100%,,3279,4000,13115,16000
NN42,Нижегородская область,Нижний Новгород,Автозаводский,Автозаводский,Б,06.2026,Стандарт,ЖК Водный мир 2,"улица Янки Купалы, 34",56.236516,43.843841,2009,17,160,448,4,0,2,4,4,Вертикальный 4*3,Digital (без звука),видеоролик,10,150,576,31,71424,18,8185,1955,100%,,3279,4000,13115,16000
NN43,Нижегородская область,Нижний Новгород,Автозаводский,Автозаводский,Б,06.2026,Стандарт,ЖК Водный мир 3,"улица Янки Купалы, 40",56.237942,43.843607,2008,17,160,448,4,0,2,4,4,Вертикальный 4*3,Digital (без звука),видеоролик,10,150,576,31,71424,18,8185,1955,100%,,3279,4000,13115,16000
NN44,Нижегородская область,Нижний Новгород,Автозаводский,Автозаводский,Б,06.2026,Стандарт,ЖК Водный мир 3,"улица Янки Купалы, 38",56.237187,43.843005,2009,17,160,448,4,0,2,4,4,Вертикальный 4*3,Digital (без звука),видеоролик,10,150,576,31,71424,18,8185,1955,100%,,3279,4000,13115,16000
NN45,Нижегородская область,Нижний Новгород,Автозаводский,Автозаводский,Б,06.2026,Стандарт,ЖК Водный Мир 4,"улица Янки Купалы, 42",56.237862,43.842188,2009,17,160,448,4,0,2,4,4,Вертикальный 4*3,Digital (без звука),видеоролик,10,150,576,31,71424,18,8185,1955,100%,,3279,4000,13115,16000
NN45,Нижегородская область,Нижний Новгород,Автозаводский,Автозаводский,Б,06.2026,Стандарт,ЖК Водный Мир 4,"улица Янки Купалы, 44",56.238617,43.842763,2009,17,160,448,4,0,2,4,4,Вертикальный 4*3,Digital (без звука),видеоролик,10,150,576,31,71424,18,8185,1955,100%,,3279,4000,13115,16000
NN46,Нижегородская область,Нижний Новгород,Сормовский,Сормовский,Б,06.2026,Комфорт,ЖК Комунны 1,"улица Коммуны, 16",56.341647,43.837337,2015,12,121,339,2,0,1,2,2,Вертикальный 4*3,Digital (без звука),видеоролик,10,150,576,31,35712,13,4369,1831,100%,,3279,4000,6557,8000
NN46,Нижегородская область,Нижний Новгород,Сормовский,Сормовский,Б,06.2026,Комфорт,ЖК Комунны 1,"улица Коммуны, 14",56.342191,43.836888,2015,12,121,339,2,0,1,2,2,Вертикальный 4*3,Digital (без звука),видеоролик,10,150,576,31,35712,13,4369,1831,100%,,3279,4000,6557,8000
NN47,Нижегородская область,Нижний Новгород,Сормовский,Сормовский,Б,07.2026,Комфорт,ЖК Комунны 2,"улица Коммуны, 18",56.341074,43.837804,2012,17,121,339,2,0,1,2,2,Вертикальный 4*3,Digital (без звука),видеоролик,10,150,576,31,35712,18,6190,1292,100%,,3279,4000,6557,8000
NN47,Нижегородская область,Нижний Новгород,Сормовский,Сормовский,Б,07.2026,Комфорт,ЖК Комунны 2,"улица Коммуны, 20",56.340515,43.838298,2015,12,121,339,2,0,1,2,2,Вертикальный 4*3,Digital (без звука),видеоролик,10,150,576,31,35712,13,4369,1831,100%,,3279,4000,6557,8000
NN48,Нижегородская область,Нижний Новгород,Сормовский,Сормовский,Б,06.2026,Комфорт,ЖК Победная 1,"улица Победная, 17",56.366002,43.808249,2007,10,120,336,3,3,3,0,3,Вертикальный 4*3,Digital (без звука),видеоролик,10,150,576,31,53568,8,2708,4431,100%,,3279,4000,9836,12000
NN48,Нижегородская область,Нижний Новгород,Сормовский,Сормовский,Б,06.2026,Комфорт,ЖК Победная 1,"улица Победная, 17к1",56.365792,43.809273,2008,10,169,473,3,3,4,0,4,Вертикальный 4*3,Digital (без звука),видеоролик,10,150,576,31,53568,6,2860,4195,100%,,3279,4000,9836,12000
NN48,Нижегородская область,Нижний Новгород,Сормовский,Сормовский,Б,06.2026,Комфорт,ЖК Победная 1,"улица Победная, 17к1",56.365792,43.809273,2008,10,169,473,1,1,4,0,4,Вертикальный 4*3,Digital (без звука),видеоролик,10,150,576,31,17856,2,953,4195,100%,,3279,4000,3279,4000
NN49,Нижегородская область,Нижний Новгород,Сормовский,Сормовский,Б,06.2026,Комфорт,ЖК Победная 2,"улица Победная, 17к2",56.366316,43.809345,2008,10,110,308,3,3,3,0,3,Вертикальный 4*3,Digital (без звука),видеоролик,10,150,576,31,53568,8,2482,4834,100%,,3279,4000,9836,12000
NN49,Нижегородская область,Нижний Новгород,Сормовский,Сормовский,Б,06.2026,Комфорт,ЖК Победная 2,"улица Победная, 18",56.367762,43.809731,2007,10,119,333,3,3,3,0,3,Вертикальный 4*3,Digital (без звука),видеоролик,10,150,576,31,53568,8,2686,4468,100%,,3279,4000,9836,12000
NN50,Нижегородская область,Нижний Новгород,Сормовский,Сормовский,Б,06.2026,Стандарт,ЖК Победная 3,"улица Победная, 20",56.368245,43.809166,2004,10,118,330,3,3,3,3,3,Вертикальный 4*3,Digital (без звука),видеоролик,10,150,576,31,53568,19,6214,1931,100%,,3279,4000,9836,12000
NN50,Нижегородская область,Нижний Новгород,Сормовский,Сормовский,Б,06.2026,Стандарт,ЖК Победная 3,"улица Победная, 20к1",56.368554,43.810118,2004,10,79,221,2,2,2,0,2,Вертикальный 4*3,Digital (без звука),видеоролик,10,150,576,31,35712,8,1783,4487,100%,,3279,4000,6557,8000
NN51,Нижегородская область,Нижний Новгород,Сормовский,Сормовский,Б,06.2026,Стандарт,ЖК Победная 4,"улица Победная, 20к2",56.368873,43.810010,2005,10,80,224,2,2,2,0,2,Вертикальный 4*3,Digital (без звука),видеоролик,10,150,576,31,35712,8,1805,4431,100%,,3279,4000,6557,8000
NN51,Нижегородская область,Нижний Новгород,Сормовский,Сормовский,Б,06.2026,Стандарт,ЖК Победная 4,"улица Победная, 21",56.368564,43.808213,2001,10,80,224,2,2,2,0,2,Вертикальный 4*3,Digital (без звука),видеоролик,10,150,576,31,35712,8,1805,4431,100%,,3279,4000,6557,8000
NN52,Нижегородская область,Нижний Новгород,Сормовский,Сормовский,Б,06.2026,Стандарт,ЖК Победная 5,"улица Победная, 21к1",56.369013,43.807818,2003,10,119,333,3,3,3,0,3,Вертикальный 4*3,Digital (без звука),видеоролик,10,150,576,31,53568,8,2686,4468,100%,,3279,4000,9836,12000
NN52,Нижегородская область,Нижний Новгород,Сормовский,Сормовский,Б,06.2026,Стандарт,ЖК Победная 5,"улица Победная, 21к2",56.369472,43.807216,2003,10,82,230,2,2,2,0,2,Вертикальный 4*3,Digital (без звука),видеоролик,10,150,576,31,35712,8,1851,4323,100%,,3279,4000,6557,8000
NN53,Нижегородская область,Нижний Новгород,Сормовский,Сормовский,Б,07.2026,Комфорт,ЖК Удачный 2,"улица 8 Марта, 26",56.345284,43.832836,2022,10,195,546,3,0,3,3,3,Вертикальный 4*3,Digital (без звука),видеоролик,10,150,576,31,53568,11,5868,2045,100%,,3279,4000,9836,12000
NN54,Нижегородская область,Нижний Новгород,Сормовский,Сормовский,Б,07.2026,Комфорт,ЖК Удачный 3,"улица 8 Марта, 28",56.344292,43.831839,2022,10,195,546,3,0,3,3,3,Вертикальный 4*3,Digital (без звука),видеоролик,10,150,576,31,53568,11,5868,2045,100%,,3279,4000,9836,12000
NN55,Нижегородская область,Нижний Новгород,Канавинский,Московский,Б,07.2026,Комфорт,ЖК Актюбинская,"улица Актюбинская, 1в к1",56.312095,43.88941,2026,21,180,504,3,1,1,2,2,Вертикальный 4*3,Digital (без звука),видеоролик,10,150,576,31,53568,31,15437,777,100%,,3279,4000,9836,12000
NN55,Нижегородская область,Нижний Новгород,Канавинский,Московский,Б,07.2026,Комфорт,ЖК Актюбинская,"улица Актюбинская, 1В",56.311990,43.888550,2026,21,180,504,3,1,1,2,2,Вертикальный 4*3,Digital (без звука),видеоролик,10,150,576,31,53568,31,15437,777,100%,,3279,4000,9836,12000
NN56,Нижегородская область,Нижний Новгород,Сормовский,Сормовский,Б,07.2026,Комфорт,ЖК Достаевского,"улица Достоевского, 15",56.343603,43.832845,2021,10,216,605,5,5,3,0,3,Вертикальный 4*3,Digital (без звука),видеоролик,10,150,576,31,89280,13,8124,2462,100%,,3279,4000,16393,20000
NN57,Нижегородская область,Нижний Новгород,Канавинский,Московский,Б,07.2026,Комфорт,ЖК Мёд 1,"Комсомольское шоссе, 9 ",56.302008,43.924096,2025,27,188,526,4,1,1,3,3,Вертикальный 4*3,Digital (без звука),видеоролик,10,150,576,31,71424,37,19517,820,100%,,3279,4000,13115,16000
NN71,Нижегородская область,Нижний Новгород,Канавинский,Московский,Б,07.2026,Комфорт,ЖК Мёд 2,"Комсомольское шоссе, 11",56.301986,43.925325,2025,27,185,518,4,1,1,3,3,Вертикальный 4*3,Digital (без звука),видеоролик,10,150,576,31,71424,37,19205,833,100%,,3279,4000,13115,16000
NN58,Нижегородская область,Нижний Новгород,Канавинский,Московский,Б,07.2026,Комфорт,ЖК Мещерское озеро,"улица Сергея Акимова, 22Б",56.338315,43.927195,2008,10,120,336,3,0,3,3,3,Вертикальный 4*3,Digital (без звука),видеоролик,10,150,576,31,53568,11,3611,3323,100%,,3279,4000,9836,12000
NN59,Нижегородская область,Нижний Новгород,Московский,Московский,Б,07.2026,Комфорт,ЖК Рубин,"улица Куйбышева, 67",56.332212,43.913613,2015,12,143,400,2,0,1,2,2,Вертикальный 4*3,Digital (без звука),видеоролик,10,150,576,31,35712,13,5164,1549,100%,,3279,4000,6557,8000
NN59,Нижегородская область,Нижний Новгород,Московский,Московский,Б,07.2026,Комфорт,ЖК Рубин,"улица Куйбышева, 69",56.332546,43.913819,2014,12,110,308,2,0,1,2,2,Вертикальный 4*3,Digital (без звука),видеоролик,10,150,576,31,35712,13,3972,2014,100%,,3279,4000,6557,8000
NN60,Нижегородская область,Нижний Новгород,Сормовский,Сормовский,Б,07.2026,Комфорт,ЖК Культурный,"улица Циолковского, 7к1",56.345918,43.838531,2004,9,72,202,1,1,1,0,1,Вертикальный 4*3,Digital (без звука),видеоролик,10,150,576,31,17856,8,1625,2462,100%,,3279,4000,3279,4000
NN61,Нижегородская область,Нижний Новгород,Канавинский,Московский,Б,07.2026,Комфорт,ЖК Есенина,"улица Сергея Есенина, 41",56.337721,43.929935,2008,10,135,378,4,4,4,0,4,Вертикальный 4*3,Digital (без звука),видеоролик,10,150,576,31,71424,8,3047,5252,100%,,3279,4000,13115,16000
NN62,Нижегородская область,Нижний Новгород,Канавинский,Московский,Б,07.2026,Комфорт,ЖК Волжские огни 1,"Волжская набережная, 8",56.347679,43.935289,2007,19,616,1 725,8,4,11,4,22,Вертикальный 4*3,Digital (без звука),видеоролик,10,150,576,31,142848,7,11459,2793,100%,,3279,4000,26230,32000
NN63,Нижегородская область,Нижний Новгород,Канавинский,Московский,Б,07.2026,Комфорт,ЖК Волжские огни 2,"Волжская набережная, 8",56.347679,43.935289,2007,19,616,1 725,8,4,11,4,22,Вертикальный 4*3,Digital (без звука),видеоролик,10,150,576,31,142848,7,11459,2793,100%,,3279,4000,26230,32000
NN64,Нижегородская область,Нижний Новгород,Канавинский,Московский,Б,07.2026,Комфорт,ЖК Волжские огни 3,"Волжская набережная, 8",56.347679,43.935289,2007,19,616,1 725,6,3,11,3,22,Вертикальный 4*3,Digital (без звука),видеоролик,10,150,576,31,107136,5,8594,2793,100%,,3279,4000,19672,24000
NN65,Нижегородская область,Нижний Новгород,Приокский,Приокский,Б,07.2026,Комфорт,ЖК Караваиха,"улица Бонч-Бруевича, 8А",56.269491,43.981301,2008,14,128,358,2,2,2,0,4,Вертикальный 4*3,Digital (без звука),видеоролик,10,150,576,31,35712,8,2889,2769,100%,,3279,4000,6557,8000
NN66,Нижегородская область,Нижний Новгород,Канавинский,Московский,Б,07.2026,Комфорт,ЖК Мещерский бульвар 2,"Мещерский бульвар, 7",56.339278,43.932064,2000,12,118,330,4,0,2,4,4,Вертикальный 4*3,Digital (без звука),видеоролик,10,150,576,31,71424,13,4261,3755,100%,,3279,4000,13115,16000
NN67,Нижегородская область,Нижний Новгород,Нижегородский,Нижегородский_Печеры,Б,08.2026,Комфорт,ЖК на Фруктовой,"улица Родионова, 25",56.315665,44.057765,2010,11,167,468,8,4,4,4,4,Вертикальный 4*3,Digital (без звука),видеоролик,10,150,576,31,142848,20,9297,3442,100%,,3279,4000,26230,32000
NN68,Нижегородская область,Нижний Новгород,Приокский,Приокский,Б,08.2026,Комфорт,ЖК Тропинина,"проспект Гагарина, 111",56.232313,43.946922,2005,9,116,325,5,5,5,0,5,Вертикальный 4*3,Digital (без звука),видеоролик,10,150,576,31,89280,8,2618,7640,100%,,3279,4000,16393,20000
NN69,Нижегородская область,Нижний Новгород,Канавинский,,Б,08.2026,Комфорт,ЖК Тонкинская,"улица Тонкинская, 5",56.324416,43.938029,2006,10,216,605,12,6,6,6,6,Вертикальный 4*3,Digital (без звука),видеоролик,10,150,576,31,214272,19,11374,4220,100%,,3279,4000,39344,48000
NN70,Нижегородская область,Нижний Новгород,Нижегородский,,Б,08.2026,Комфорт,ЖК Медвежья Долина,"улица Родионова,165к5",56.313294,44.067943,2005,9,36,101,1,1,1,0,1,Вертикальный 4*3,Digital (без звука),видеоролик,10,150,576,31,17856,8,812,4923,100%,,3279,4000,3279,4000
KZN1,Республика Татарстан,Казань,Приволжский,Приволжский 2 (Ферма),А,10.2025,Бизнес,ЖК Палитра ,"улица Братьев Батталовых, 20к1",55.721600,49.187631,2019,25,264,739,1,1,1,0,4,Горизонтальный 4*3,Digital (без звука),видеоролик,10,150,576,31,17856,8,5958,671,100%,,3279,4000,3279,4000
KZN1,Республика Татарстан,Казань,Приволжский,Приволжский 2 (Ферма),А,10.2025,Бизнес,ЖК Палитра ,"улица Братьев Батталовых, 20к2",55.722056,49.186732,2021,25,264,739,1,1,1,0,4,Горизонтальный 4*3,Digital (без звука),видеоролик,10,150,576,31,17856,8,5958,671,100%,,3279,4000,3279,4000
KZN2,Республика Татарстан,Казань,Приволжский,Приволжский 2 (Ферма),Б,10.2025,Бизнес,ЖК Сказочный Лес ,"улица Рауиса Гареева, 111к1",55.723724,49.174416,2019,19,162,454,1,1,1,0,3,Горизонтальный 4*3,Digital (без звука),видеоролик,10,150,576,31,17856,8,3656,1094,100%,,3279,4000,3279,4000
KZN2,Республика Татарстан,Казань,Приволжский,Приволжский 2 (Ферма),Б,10.2025,Бизнес,ЖК Сказочный Лес ,"улица Рауиса Гареева, 111к2",55.724231,49.174884,2019,19,162,454,1,1,1,0,3,Горизонтальный 4*3,Digital (без звука),видеоролик,10,150,576,31,17856,8,3656,1094,100%,,3279,4000,3279,4000
KZN2,Республика Татарстан,Казань,Приволжский,Приволжский 2 (Ферма),Б,10.2025,Бизнес,ЖК Сказочный Лес ,"улица Рауиса Гареева, 103",55.722279,49.172566,2019,23,308,862,1,1,1,0,4,Горизонтальный 4*3,Digital (без звука),видеоролик,10,150,576,31,17856,8,6951,575,100%,,3279,4000,3279,4000
KZN2,Республика Татарстан,Казань,Приволжский,Приволжский 2 (Ферма),Б,10.2025,Бизнес,ЖК Сказочный Лес ,"улица Рауиса Гареева, 105",55.722928,49.173015,2021,25,263,736,1,1,1,0,4,Горизонтальный 4*3,Digital (без звука),видеоролик,10,150,576,31,17856,8,5935,674,100%,,3279,4000,3279,4000
KZN2,Республика Татарстан,Казань,Приволжский,Приволжский 2 (Ферма),Б,10.2025,Бизнес,ЖК Сказочный Лес ,"улица Рауиса Гареева, 107",55.723871,49.173707,2018,19,162,454,1,1,1,0,2,Горизонтальный 4*3,Digital (без звука),видеоролик,10,150,576,31,17856,8,3656,1094,100%,,3279,4000,3279,4000
KZN2,Республика Татарстан,Казань,Приволжский,Приволжский 2 (Ферма),Б,10.2025,Бизнес,ЖК Сказочный Лес ,"улица Рауиса Гареева, 109",55.724454,49.174084,2022,23,308,862,1,1,1,0,2,Горизонтальный 4*3,Digital (без звука),видеоролик,10,150,576,31,17856,8,6951,575,100%,,3279,4000,3279,4000
KZN3,Республика Татарстан,Казань,Приволжский,мкрн.Усады,А,11.2025,Бизнес,ЖК Станция Спортивная ,"Детский проезд, 1к1",55.679732,49.197593,2018,19,162,454,1,1,1,0,2,Горизонтальный 4*3,Digital (без звука),видеоролик,10,150,576,31,17856,8,3656,1094,100%,,3279,4000,3279,4000
KZN4,Республика Татарстан,Усады,Лаишевский,мкрн.Усады,Б,11.2025,Бизнес,ЖК Счастливый,"улица Счастливая, 1",55.686010,49.211122,2023,16,176,493,1,1,1,0,3,Горизонтальный 4*3,Digital (без звука),видеоролик,10,150,576,31,17856,8,3972,1007,100%,,3279,4000,3279,4000
KZN4,Республика Татарстан,Усады,Лаишевский,мкрн.Усады,Б,11.2025,Бизнес,ЖК Счастливый,"улица Счастливая, 2",55.687583,49.212155,2022,9,69,193,1,1,1,0,2,Горизонтальный 4*3,Digital (без звука),видеоролик,10,150,576,31,17856,8,1557,2569,100%,,3279,4000,3279,4000
KZN4,Республика Татарстан,Усады,Лаишевский,мкрн.Усады,Б,11.2025,Бизнес,ЖК Счастливый,"улица Счастливая, 3",55.687162,49.211652,2019,9,75,210,1,1,1,0,2,Горизонтальный 4*3,Digital (без звука),видеоролик,10,150,576,31,17856,8,1693,2363,100%,,3279,4000,3279,4000
KZN4,Республика Татарстан,Усады,Лаишевский,мкрн.Усады,Б,11.2025,Бизнес,ЖК Счастливый,"улица Счастливая, 4",55.686726,49.211158,2022,9,63,176,1,1,1,0,3,Горизонтальный 4*3,Digital (без звука),видеоролик,10,150,576,31,17856,8,1422,2813,100%,,3279,4000,3279,4000
KZN4,Республика Татарстан,Усады,Лаишевский,мкрн.Усады,Б,11.2025,Бизнес,ЖК Счастливый,"улица Счастливая, 5",55.687573,49.211238,2018,9,72,202,1,1,1,0,2,Горизонтальный 4*3,Digital (без звука),видеоролик,10,150,576,31,17856,8,1625,2462,100%,,3279,4000,3279,4000
KZN4,Республика Татарстан,Усады,Лаишевский,мкрн.Усады,Б,11.2025,Бизнес,ЖК Счастливый,"улица Счастливая, 6",55.686152,49.208912,2019,14,306,857,2,2,2,0,3,Горизонтальный 4*3,Digital (без звука),видеоролик,10,150,576,31,35712,8,6906,1158,100%,,3279,4000,6557,8000
KZN4,Республика Татарстан,Усады,Лаишевский,мкрн.Усады,Б,11.2025,Бизнес,ЖК Счастливый,"улица Счастливая, 7",55.687081,49.213134,2016,9,308,862,5,5,5,0,5,Горизонтальный 4*3,Digital (без звука),видеоролик,10,150,576,31,89280,8,6951,2877,100%,,3279,4000,16393,20000
KZN5,Республика Татарстан,Казань,Приволжский,Приволжский 1( Горки),Б,11.2025,Комфорт,ЖК Авалон Сити,"улица Танковая, 2",55.752242,49.167059,2024,24,384,1 075,12,12,12,0,3,Горизонтальный 4*3,Digital (без звука),видеоролик,10,150,576,31,214272,8,8666,5539,100%,,3279,4000,39344,48000
KZN6,Республика Татарстан,Казань,Приволжский,Приволжский 2 (Ферма),Б,11.2025,Комфорт,ЖК Ферма-2,"территория Ферма-2, 98",55.722178,49.167661,2013,9,71,199,2,1,1,1,1,Горизонтальный 4*3,Digital (без звука),видеоролик,10,150,576,31,35712,18,3525,2269,100%,,3279,4000,6557,8000
KZN6,Республика Татарстан,Казань,Приволжский,Приволжский 2 (Ферма),Б,11.2025,Комфорт,ЖК Ферма-2,"территория Ферма-2, 98А",55.722649,49.167787,2014,9,73,204,2,1,1,1,1,Горизонтальный 4*3,Digital (без звука),видеоролик,10,150,576,31,35712,18,3624,2207,100%,,3279,4000,6557,8000
KZN6,Республика Татарстан,Казань,Приволжский,Приволжский 2 (Ферма),Б,11.2025,Комфорт,ЖК Ферма-2,"территория Ферма-2, 98Б",55.722289,49.166933,2015,9,68,190,2,1,1,1,1,Горизонтальный 4*3,Digital (без звука),видеоролик,10,150,576,31,35712,18,3376,2370,100%,,3279,4000,6557,8000
KZN7,Республика Татарстан,Казань,Приволжский,Приволжский 2 (Ферма),Б,11.2025,Стандарт,ЖК Coлнечный город 1,"улица Баки Урманче, 6",55.732636,49.173096,2013,22,817,2 288,16,16,16,0,14,Горизонтальный 4*3,Digital (без звука),видеоролик,10,150,576,31,285696,8,18438,3471,100%,,3279,4000,52459,64000
KZN8,Республика Татарстан,Казань,Приволжский,Приволжский 2 (Ферма),Б,11.2025,Комфорт,ЖК Coлнечный город 2,"улица Баки Урманче, 8",55.731642,49.173060,2013,22,574,1 607,10,10,10,0,15,Горизонтальный 4*3,Digital (без звука),видеоролик,10,150,576,31,178560,8,12954,3088,100%,,3279,4000,32787,40000
KZN9,Республика Татарстан,Казань,Кировский,Кировский_Московский_Авиастрой_Вахитовский,Б,11.2025,Комфорт,ЖК Каштан,"улица Маршрутная, 15к1",55.822281,49.036741,2023,9,134,375,4,4,4,0,4,Горизонтальный 4*3,Digital (без звука),видеоролик,10,150,576,31,71424,8,3024,5291,100%,,3279,4000,13115,16000
KZN9,Республика Татарстан,Казань,Кировский,Кировский_Московский_Авиастрой_Вахитовский,Б,11.2025,Комфорт,ЖК Каштан,"улица Маршрутная, 15к3",55.822392,49.035294,2025,9,127,356,3,3,3,0,3,Горизонтальный 4*3,Digital (без звука),видеоролик,10,150,576,31,53568,8,2866,4187,100%,,3279,4000,9836,12000
KZN10,Республика Татарстан,Казань,Кировский,Кировский_Московский_Авиастрой_Вахитовский,А,12.2025,Бизнес,ЖК Miracle,"улица Серова, 50к1",55.822407,49.075898,2021,19,108,302,1,1,1,0,2,Горизонтальный 4*3,Digital (без звука),видеоролик,10,150,576,31,17856,8,2437,1641,100%,,3279,4000,3279,4000
KZN10,Республика Татарстан,Казань,Кировский,Кировский_Московский_Авиастрой_Вахитовский,А,12.2025,Бизнес,ЖК Miracle,"улица Серова, 50к2",55.822053,49.076473,2022,19,108,302,1,1,1,0,2,Горизонтальный 4*3,Digital (без звука),видеоролик,10,150,576,31,17856,8,2437,1641,100%,,3279,4000,3279,4000
KZN11,Республика Татарстан,Казань,Приволжский,Приволжский 1( Горки),Б,12.2025,Бизнес,ЖК Романтика,"улица Профессора Камая, 10к1",55.749218,49.184729,2020,19,324,907,2,2,2,0,4,Горизонтальный 4*3,Digital (без звука),видеоролик,10,150,576,31,35712,8,7312,1094,100%,,3279,4000,6557,8000
KZN12,Республика Татарстан,Казань,Советский,Советский 3 Азино-2,Б,12.2025,Стандарт,ЖК на Ноксинском спуске,"улица Ноксинский Спуск, 14",55.768932,49.238089,2006,16,96,269,1,1,1,0,2,Горизонтальный 4*3,Digital (без звука),видеоролик,10,150,576,31,17856,8,2167,1846,100%,,3279,4000,3279,4000
KZN12,Республика Татарстан,Казань,Советский,Советский 3 Азино-2,Б,12.2025,Стандарт,ЖК на Ноксинском спуске,"улица Ноксинский Спуск, 14А",55.768390,49.238403,2006,16,128,358,1,1,1,0,2,Горизонтальный 4*3,Digital (без звука),видеоролик,10,150,576,31,17856,8,2889,1385,100%,,3279,4000,3279,4000
KZN88,Республика Татарстан,Казань,Советский,Советский 3 Азино-2,Б,12.2025,Стандарт,ЖК на Ноксинском спуске 37,"улица Ноксинский Спуск, 37",55.770036,49.241943,2003,10,78,218,2,2,2,0,2,Вертикальный 4*3,Digital (без звука),видеоролик,10,150,576,31,35712,8,1760,4545,100%,,3279,4000,6557,8000
KZN13,Республика Татарстан,Казань,Советский,Советский 3 Азино-2,Б,12.2025,Стандарт,ЖК на Ноксинском спуске 20,"улица Ноксинский Спуск, 20",55.769129,49.240506,2008,10,289,809,7,7,7,0,7,Горизонтальный 4*3,Digital (без звука),видеоролик,10,150,576,31,124992,8,6522,4293,100%,,3279,4000,22951,28000
KZN14,Республика Татарстан,Казань,Советский,Советский 3 Азино-2,Б,12.2025,Стандарт,ЖК на Ноксинском спуске 2,"улица Ноксинский Спуск, 21",55.771013,49.236975,2008,16,96,269,1,1,1,0,2,Горизонтальный 4*3,Digital (без звука),видеоролик,10,150,576,31,17856,8,2167,1846,100%,,3279,4000,3279,4000
KZN15,Республика Татарстан,Казань,Советский,Советский 3 Азино-2,Б,12.2025,Стандарт,ЖК на Ноксинском спуске 2,"улица Ноксинский Спуск, 24",55.768385,49.242149,2008,10,197,552,5,5,5,0,5,Горизонтальный 4*3,Digital (без звука),видеоролик,10,150,576,31,89280,8,4446,4499,100%,,3279,4000,16393,20000
KZN16,Республика Татарстан,Казань,Советский,Советский 3 Азино-2,Б,02.2026,Комфорт,ЖК на Ноксинском спуске 3,"улица Ноксинский Спуск, 22",55.767965,49.240029,2004,10,120,336,3,3,3,0,3,Вертикальный 4*3,Digital (без звука),видеоролик,10,150,576,31,53568,8,2708,4431,100%,,3279,4000,9836,12000
KZN17,Республика Татарстан,Казань,Советский,Советский 3 Азино-2,Б,02.2026,Комфорт,ЖК на Ноксинском спуске 4,"улица Ноксинский Спуск, 26",55.767605,49.242015,2004,10,239,669,6,6,6,0,6,Вертикальный 4*3,Digital (без звука),видеоролик,10,150,576,31,107136,8,5394,4450,100%,,3279,4000,19672,24000
KZN18,Республика Татарстан,Казань,Советский,Советский 3 Азино-2,Б,12.2025,Комфорт,ЖК на Минской,"улица Минская, 45",55.772831,49.241871,2010,10,36,101,4,4,4,0,4,Горизонтальный 4*3,Digital (без звука),видеоролик,10,150,576,31,71424,8,812,19694,100%,,3279,4000,13115,16000
KZN18,Республика Татарстан,Казань,Советский,Советский 3 Азино-2,Б,12.2025,Комфорт,ЖК на Минской,"улица Минская, 51",55.772036,49.243847,2010,10,120,336,2,2,2,0,2,Горизонтальный 4*3,Digital (без звука),видеоролик,10,150,576,31,35712,8,2708,2954,100%,,3279,4000,6557,8000
KZN19,Республика Татарстан,Казань,Советский,Советский 3 Азино-2,Б,12.2025,Комфорт,ЖК на Минской 2,"улица Минская, 55",55.772031,49.242167,2010,10,120,336,2,2,2,0,2,Горизонтальный 4*3,Digital (без звука),видеоролик,10,150,576,31,35712,8,2708,2954,100%,,3279,4000,6557,8000
KZN19,Республика Татарстан,Казань,Советский,Советский 3 Азино-2,Б,12.2025,Комфорт,ЖК на Минской 2,"улица Минская, 57",55.771190,49.242661,2010,16,128,358,1,1,1,0,2,Горизонтальный 4*3,Digital (без звука),видеоролик,10,150,576,31,17856,8,2889,1385,100%,,3279,4000,3279,4000
KZN19,Республика Татарстан,Казань,Советский,Советский 3 Азино-2,Б,12.2025,Комфорт,ЖК на Минской 2,"улица Минская, 59",55.771115,49.243721,2010,16,128,358,1,1,1,0,2,Горизонтальный 4*3,Digital (без звука),видеоролик,10,150,576,31,17856,8,2889,1385,100%,,3279,4000,3279,4000
KZN20,Республика Татарстан,Казань,Советский,Советский 4 (Проспект Победы),Б,12.2025,Стандарт,ЖК на Минской 10,"улица Минская, 10",55.770076,49.224498,1992,9,107,300,1,1,1,0,1,Вертикальный 4*3,Digital (без звука),видеоролик,10,150,576,31,17856,8,2415,1656,100%,,3279,4000,3279,4000
KZN21,Республика Татарстан,Казань,Советский,Советский 4 (Проспект Победы),Б,12.2025,Стандарт,ЖК на Минской 12,"улица Минская, 12",55.772208,49.220940,2006,17,385,1 078,7,7,7,0,7,Горизонтальный 4*3,Digital (без звука),видеоролик,10,150,576,31,124992,8,8689,3223,100%,,3279,4000,22951,28000
KZN22,Республика Татарстан,Казань,Советский,Советский 2 (Азино-1),Б,12.2025,Стандарт,ЖК на Глушко-1,"улица Академика Глушко, 14",55.782765,49.237739,2006,10,120,336,3,3,3,0,3,Горизонтальный 4*3,Digital (без звука),видеоролик,10,150,576,31,53568,8,2708,4431,100%,,3279,4000,9836,12000
KZN22,Республика Татарстан,Казань,Советский,Советский 2 (Азино-1),Б,12.2025,Стандарт,ЖК на Глушко-1,"улица Академика Глушко, 12",55.781909,49.236553,2006,10,43,120,3,3,3,0,3,Горизонтальный 4*3,Digital (без звука),видеоролик,10,150,576,31,53568,8,970,12366,100%,,3279,4000,9836,12000
KZN23,Республика Татарстан,Казань,Советский,Советский 2 (Азино-1),Б,12.2025,Стандарт,ЖК на Глушко 2,"улица Академика Глушко, 4",55.776998,49.236355,2010,24,375,1 050,4,4,4,0,4,Вертикальный 4*3,Digital (без звука),видеоролик,10,150,576,31,71424,8,8463,1891,100%,,3279,4000,13115,16000
KZN24,Республика Татарстан,Казань,Советский,Советский 2 (Азино-1),А,12.2025,Стандарт,ЖК на Глушко 3,"улица Академика Глушко, 10А",55.781302,49.237101,2009,16,96,269,1,1,1,0,2,Вертикальный 4*3,Digital (без звука),видеоролик,10,150,576,31,17856,8,2167,1846,100%,,3279,4000,3279,4000
KZN24,Республика Татарстан,Казань,Советский,Советский 2 (Азино-1),А,12.2025,Стандарт,ЖК на Глушко 3,"улица Академика Глушко, 10",55.780871,49.237056,2009,16,96,269,1,1,1,0,2,Вертикальный 4*3,Digital (без звука),видеоролик,10,150,576,31,17856,8,2167,1846,100%,,3279,4000,3279,4000
KZN25,Республика Татарстан,Казань,Советский,Советский 2 (Азино-1),А,12.2025,Стандарт,ЖК на Глушко 4,"улица Академика Глушко, 22Г",55.788631,49.230229,2009,16,161,451,1,1,1,0,2,Вертикальный 4*3,Digital (без звука),видеоролик,10,150,576,31,17856,8,3633,1101,100%,,3279,4000,3279,4000
KZN26,Республика Татарстан,Казань,Советский,Советский 2 (Азино-1),Б,12.2025,Стандарт,ЖК на Глушко 5,"улица Академика Глушко, 6",55.778132,49.236499,2010,18,394,1 103,5,5,5,0,5,Вертикальный 4*3,Digital (без звука),видеоролик,10,150,576,31,89280,8,8892,2249,100%,,3279,4000,16393,20000
KZN27,Республика Татарстан,Казань,Советский,Советский 2 (Азино-1),Б,07.2026,Стандарт,ЖК на Глушко 6,"улица Академика Глушко, 39",55.787498,49.227938,2004,16,128,358,1,1,2,0,2,Вертикальный 4*3,Digital (без звука),видеоролик,10,150,576,31,17856,4,1444,2769,100%,,3279,4000,3279,4000
KZN27,Республика Татарстан,Казань,Советский,Советский 2 (Азино-1),Б,07.2026,Стандарт,ЖК на Глушко 6,"улица Академика Глушко, 41",55.788090,49.228190,2004,16,128,358,1,1,1,0,2,Вертикальный 4*3,Digital (без звука),видеоролик,10,150,576,31,17856,8,2889,1385,100%,,3279,4000,3279,4000
KZN28,Республика Татарстан,Казань,Советский,Советский 2 (Азино-1),Б,07.2026,Стандарт,ЖК на Глушко 7,"улица Академика Глушко, 49",55.788186,49.222764,2004,16,128,358,1,1,1,0,2,Вертикальный 4*3,Digital (без звука),видеоролик,10,150,576,31,17856,8,2889,1385,100%,,3279,4000,3279,4000
KZN29,Республика Татарстан,Казань,Советский,Советский 2 (Азино-1),Б,12.2025,Стандарт,ЖК на Глушко-12а,"улица Академика Глушко, 12А",55.781965,49.237505,2006,10,120,336,3,3,3,0,3,Горизонтальный 4*3,Digital (без звука),видеоролик,10,150,576,31,53568,8,2708,4431,100%,,3279,4000,9836,12000
KZN30,Республика Татарстан,Казань,Советский,Советский 1 (старый район),Б,12.2025,Стандарт,ЖК МЧС-1,"улица Зур Урам, 1К (с 1 по 9 подъезд)",55.802057,49.200899,2022,18,240,672,9,9,18,0,17,Горизонтальный 4*3,Digital (без звука),видеоролик,10,150,576,31,160704,4,2708,13293,100%,,3279,4000,29508,36000
KZN31,Республика Татарстан,Казань,Советский,Советский 1 (старый район),Б,12.2025,Стандарт,ЖК МЧС-2,"улица Зур Урам, 1К (с 10 по 18 подъезд)",55.802057,49.200899,2022,18,287,804,9,9,18,0,17,Горизонтальный 4*3,Digital (без звука),видеоролик,10,150,576,31,160704,4,3239,11116,100%,,3279,4000,29508,36000
KZN32,Республика Татарстан,Казань,Советский,Советский 1 (старый район),Б,12.2025,Стандарт,ЖК МЧС-3,"улица Зур Урам, 1Кк2",55.802133,49.199812,2022,8,101,283,6,6,6,0,6,Горизонтальный 4*3,Digital (без звука),видеоролик,10,150,576,31,107136,8,2279,10529,100%,,3279,4000,19672,24000
KZN33,Республика Татарстан,Казань,Советский,Советский 1 (старый район),Б,06.2026,Стандарт,ЖК МЧС-4,"улица Зур Урам, 1Кк3",55.800590,49.202156,2021,18,528,1 478,19,0,18,19,19,Вертикальный 4*3,Digital (без звука),видеоролик,10,150,576,31,339264,19,28598,2658,100%,,3279,4000,62295,76000
KZN34,Республика Татарстан,Казань,Советский,"Советский 1 (старый район)",Б,12.2025,Бизнес,ЖК Казан Су,"улица Комсомольская, 1",55.810830,49.096568,2020,24,630,1 764,9,0,9,9,9,Горизонтальный 4*3,Digital (без звука),видеоролик,10,150,576,31,160704,26,45497,791,100%,,3279,4000,29508,36000
KZN35,Республика Татарстан,Казань,Советский,Советский 3 Азино-2,Б,12.2025,Бизнес,ЖК Айтматова 1,"улица Чингиза Айтматова, 1",55.810830,49.096568,2018,18,245,686,3,3,3,0,6,Горизонтальный 4*3,Digital (без звука),видеоролик,10,150,576,31,53568,8,5529,2170,100%,,3279,4000,9836,12000
KZN35,Республика Татарстан,Казань,Советский,Советский 3 Азино-2,Б,12.2025,Бизнес,ЖК Айтматова 1,"улица Чингиза Айтматова, 5",55.765539,49.234065,2018,18,262,734,3,3,3,0,6,Горизонтальный 4*3,Digital (без звука),видеоролик,10,150,576,31,53568,8,5913,2029,100%,,3279,4000,9836,12000
KZN36,Республика Татарстан,Казань,Советский,Советский 3 Азино-2,Б,12.2025,Бизнес,ЖК Айтматова 2,"улица Чингиза Айтматова, 7",55.765514,49.235403,2018,18,178,498,2,2,2,0,4,Горизонтальный 4*3,Digital (без звука),видеоролик,10,150,576,31,35712,8,4017,1991,100%,,3279,4000,6557,8000
KZN36,Республика Татарстан,Казань,Советский,Советский 3 Азино-2,Б,12.2025,Бизнес,ЖК Айтматова 2,"улица Чингиза Айтматова, 8",55.766957,49.235017,2018,18,107,300,1,1,1,0,2,Горизонтальный 4*3,Digital (без звука),видеоролик,10,150,576,31,17856,8,2415,1656,100%,,3279,4000,3279,4000
KZN36,Республика Татарстан,Казань,Советский,Советский 3 Азино-2,Б,12.2025,Бизнес,ЖК Айтматова 2,"улица Чингиза Айтматова, 10",55.767342,49.235789,2018,18,107,300,1,1,1,0,2,Горизонтальный 4*3,Digital (без звука),видеоролик,10,150,576,31,17856,8,2415,1656,100%,,3279,4000,3279,4000
KZN36,Республика Татарстан,Казань,Советский,Советский 3 Азино-2,Б,12.2025,Бизнес,ЖК Айтматова 2,"улица Чингиза Айтматова, 6",55.764840,49.234343,2018,18,107,300,1,1,1,0,2,Горизонтальный 4*3,Digital (без звука),видеоролик,10,150,576,31,17856,8,2415,1656,100%,,3279,4000,3279,4000
KZN37,Республика Татарстан,Казань,Советский,Советский 3 Азино-2,А,12.2025,Бизнес,ЖК Молодежный,"улица Ноксинский Спуск, 10",55.767342,49.235789,2019,20,108,302,1,1,1,0,3,Горизонтальный 4*3,Digital (без звука),видеоролик,10,150,576,31,17856,8,2437,1641,100%,,3279,4000,3279,4000
KZN38,Республика Татарстан,Казань,Приволжский,Приволжский 1( Горки),Б,12.2025,Бизнес,ЖК на Габишева,"улица Комиссара Габишева, 4",55.740917,49.227345,2009,17,85,238,1,1,1,0,2,Горизонтальный 4*3,Digital (без звука),видеоролик,10,150,576,31,17856,8,1918,2085,100%,,3279,4000,3279,4000
KZN38,Республика Татарстан,Казань,Приволжский,Приволжский 1( Горки),Б,12.2025,Бизнес,ЖК на Габишева,"улица Комиссара Габишева, 6",55.740563,49.227094,2009,18,85,238,1,1,1,0,2,Горизонтальный 4*3,Digital (без звука),видеоролик,10,150,576,31,17856,8,1918,2085,100%,,3279,4000,3279,4000
KZN38,Республика Татарстан,Казань,Приволжский,Приволжский 1( Горки),Б,12.2025,Бизнес,ЖК на Габишева,"улица Комиссара Габишева, 8",55.740173,49.227327,2009,18,85,238,1,1,1,0,2,Горизонтальный 4*3,Digital (без звука),видеоролик,10,150,576,31,17856,8,1918,2085,100%,,3279,4000,3279,4000
KZN38,Республика Татарстан,Казань,Приволжский,Приволжский 1( Горки),Б,12.2025,Бизнес,ЖК на Габишева,"улица Комиссара Габишева, 10",55.739640,49.228073,2009,18,160,448,4,4,4,0,4,Горизонтальный 4*3,Digital (без звука),видеоролик,10,150,576,31,71424,8,3611,4431,100%,,3279,4000,13115,16000
KZN38,Республика Татарстан,Казань,Приволжский,Приволжский 1( Горки),Б,12.2025,Бизнес,ЖК на Габишева,"Дубравная улица, 11А",55.741070,49.218155,2017,10,100,280,1,0,1,1,1,Горизонтальный 4*3,Digital (без звука),видеоролик,10,150,576,31,17856,11,3009,1329,100%,,3279,4000,3279,4000
KZN39,Республика Татарстан,Казань,Приволжский,Приволжский 1( Горки),Б,12.2025,Бизнес,ЖК на Габишева 2,"улица Комиссара Габишева, 18А",55.743218,49.232367,2022,18,170,476,1,1,1,0,2,Горизонтальный 4*3,Digital (без звука),видеоролик,10,150,576,31,17856,8,3837,1043,100%,,3279,4000,3279,4000
KZN39,Республика Татарстан,Казань,Приволжский,Приволжский 1( Горки),Б,12.2025,Бизнес,ЖК на Габишева 2,"улица Комиссара Габишева, 16А",55.743036,49.230786,2023,21,240,672,6,0,2,6,6,Вертикальный 4*3,Digital (без звука),видеоролик,10,150,576,31,107136,23,15166,1583,100%,,3279,4000,19672,24000
KZN40,Республика Татарстан,Казань,Приволжский,Приволжский 1( Горки),Б,12.2025,Бизнес,ЖК на Габишева 3,"улица Комиссара Габишева, 16",55.742671,49.231558,2023,21,344,963,7,0,3,7,7,Вертикальный 4*3,Digital (без звука),видеоролик,10,150,576,31,124992,23,21737,1288,100%,,3279,4000,22951,28000
KZN41,Республика Татарстан,Казань,Лаишевский ,мкрн.Усады,Б,02.2026,Бизнес,ЖК Южный Парк,"улица Уютная, 2",55.690146,49.201617,2019,19,166,465,2,0,1,2,2,Горизонтальный 4*3,Digital (без звука),видеоролик,10,150,576,31,35712,20,9491,843,100%,,3279,4000,6557,8000
KZN41,Республика Татарстан,Казань,Лаишевский ,мкрн.Усады,Б,02.2026,Бизнес,ЖК Южный Парк,"улица Уютная, 6",55.689136,49.201186,2019,19,173,484,2,0,1,2,2,Горизонтальный 4*3,Digital (без звука),видеоролик,10,150,576,31,35712,20,9891,809,100%,,3279,4000,6557,8000
KZN41,Республика Татарстан,Казань,Лаишевский ,мкрн.Усады,Б,02.2026,Бизнес,ЖК Южный Парк,"улица Уютная, 8",55.688609,49.200989,2020,19,173,484,2,0,1,2,2,Горизонтальный 4*3,Digital (без звука),видеоролик,10,150,576,31,35712,20,9891,809,100%,,3279,4000,6557,8000
KZN41,Республика Татарстан,Казань,Лаишевский ,мкрн.Усады,Б,02.2026,Бизнес,ЖК Южный Парк,"улица Уютная, 10",55.688091,49.200800,2020,19,173,484,2,0,1,2,2,Горизонтальный 4*3,Digital (без звука),видеоролик,10,150,576,31,35712,20,9891,809,100%,,3279,4000,6557,8000
KZN41,Республика Татарстан,Казань,Лаишевский ,мкрн.Усады,Б,02.2026,Бизнес,ЖК Южный Парк,"улица Уютная, 12",55.687563,49.200584,2020,19,173,484,2,0,1,2,2,Горизонтальный 4*3,Digital (без звука),видеоролик,10,150,576,31,35712,20,9891,809,100%,,3279,4000,6557,8000
KZN42,Республика Татарстан,Казань,Ново-Савиновский,Ново-Савиновский,А,03.2026,Бизнес,ЖК Милениум Сити,"улица Чистопольская, 61Б",55.820243,49.132726,2012,19,170,476,2,0,2,2,2,Горизонтальный 4*3,Digital (без звука),видеоролик,10,150,576,31,35712,20,9719,823,100%,,3279,4000,6557,8000
KZN43,Республика Татарстан,Казань,Приволжский,Приволжский 1( Горки),Б,03.2026,Стандарт,ЖК Зимний дворец,"улица Дубравная, 28А",55.736802,49.204052,2015,16,164,459,4,0,3,4,4,Горизонтальный 4*3,Digital (без звука),видеоролик,10,150,576,31,71424,17,7896,2026,100%,,3279,4000,13115,16000
KZN44,Республика Татарстан,Казань,Советский,"Советский 1 (старый район)",Б,03.2026,Стандарт,ЖК Созвездие,"улица Космонавтов, 61Б",55.795368,49.206334,2016,20,171,479,1,1,1,0,2,Горизонтальный 4*3,Digital (без звука),видеоролик,10,150,576,31,17856,8,3859,1037,100%,,3279,4000,3279,4000
KZN44,Республика Татарстан,Казань,Советский,"Советский 1 (старый район)",Б,03.2026,Стандарт,ЖК Созвездие,"улица Космонавтов, 61В",55.795570,49.207061,2015,20,168,470,1,1,1,0,2,Горизонтальный 4*3,Digital (без звука),видеоролик,10,150,576,31,17856,8,3791,1055,100%,,3279,4000,3279,4000
KZN44,Республика Татарстан,Казань,Советский,"Советский 1 (старый район)",Б,03.2026,Стандарт,ЖК Созвездие,"улица Космонавтов, 61Г",55.795767,49.207753,2015,20,172,482,1,1,1,0,2,Горизонтальный 4*3,Digital (без звука),видеоролик,10,150,576,31,17856,8,3882,1030,100%,,3279,4000,3279,4000
KZN45,Республика Татарстан,Казань,Приволжский,Приволжский 1( Горки),Б,03.2026,Стандарт,ЖК на Фучика,"улица Юлиуса Фучика, 2Б",55.742286,49.201043,2011,16,112,314,2,0,1,2,2,Горизонтальный 4*3,Digital (без звука),видеоролик,10,150,576,31,35712,17,5392,1484,100%,,3279,4000,6557,8000
KZN45,Республика Татарстан,Казань,Приволжский,Приволжский 1( Горки),Б,03.2026,Стандарт,ЖК на Фучика,"улица Юлиуса Фучика, 8Б",55.742372,49.201887,2006,17,113,316,2,0,1,2,2,Горизонтальный 4*3,Digital (без звука),видеоролик,10,150,576,31,35712,18,5780,1384,100%,,3279,4000,6557,8000
KZN46,Республика Татарстан,Казань,Приволжский,Приволжский 1( Горки),Б,03.2026,Стандарт,ЖК на Фучика 2,"улица Юлиуса Фучика, 53",55.743902,49.204052,2004,14,68,190,2,0,1,2,2,Горизонтальный 4*3,Digital (без звука),видеоролик,10,150,576,31,35712,15,2865,2793,100%,,3279,4000,6557,8000
KZN46,Республика Татарстан,Казань,Приволжский,Приволжский 1( Горки),Б,03.2026,Стандарт,ЖК на Фучика 2,"улица Юлиуса Фучика, 55",55.743608,49.204474,2005,14,69,193,2,0,1,2,2,Горизонтальный 4*3,Digital (без звука),видеоролик,10,150,576,31,35712,15,2907,2752,100%,,3279,4000,6557,8000
KZN83,Республика Татарстан,Казань,Приволжский,Приволжский 1( Горки),Б,06.2026,Стандарт,ЖК на Фучика 94,"улица Юлиуса Фучика, 94",55.767828,49.232412,1995,9,196,549,6,6,6,0,6,Вертикальный 4*3,Digital (без звука),видеоролик,10,150,576,31,107136,8,4423,5426,100%,,3279,4000,19672,24000
KZN47,Республика Татарстан,Казань,Ново-Савиновский,Ново-Савиновский,Б,03.2026,Стандарт,ЖК Ривьера 1,"улица Чистопольская, 85",55.823707,49.154204,2007,9,260,728,15,0,15,15,15,Горизонтальный 4*3,Digital (без звука),видеоролик,10,150,576,31,267840,10,7041,8521,100%,,3279,4000,49180,60000
KZN48,Республика Татарстан,Казань,Ново-Савиновский,Ново-Савиновский,Б,03.2026,Стандарт,ЖК Ривьера 2,"улица Чистопольская, 85А",55.823849,49.155210,2008,14,224,627,7,0,7,7,9,Горизонтальный 4*3,Digital (без звука),видеоролик,10,150,576,31,124992,12,7339,3815,100%,,3279,4000,22951,28000
KZN49,Республика Татарстан,Казань,Ново-Савиновский,Ново-Савиновский,Б,03.2026,Стандарт,ЖК Ривьера 3,"проспект Ямашева, 101 (под 11, 12, 13, 9)",55.824329,49.152542,2007,10,410,1 148,4,0,14,4,14,Вертикальный 4*3,Digital (без звука),видеоролик,10,150,576,31,71424,3,3525,4539,100%,,3279,4000,13115,16000
KZN49,Республика Татарстан,Казань,Ново-Савиновский,Ново-Савиновский,Б,03.2026,Стандарт,ЖК Ривьера 3,"проспект Ямашева, 101( под. 1-8, 10, 14)",55.824329,49.152542,2013,10,410,1 148,10,0,14,10,14,Горизонтальный 4*3,Digital (без звука),видеоролик,10,150,576,31,178560,8,8812,4539,100%,,3279,4000,32787,40000
KZN50,Республика Татарстан,Казань,Ново-Савиновский,Ново-Савиновский,Б,03.2026,Стандарт,ЖК Ривьера 4,"улица Чистопольская, 81",55.822225,49.151042,2013,9,232,650,12,12,12,0,12,Вертикальный 4*3,Digital (без звука),видеоролик,10,150,576,31,214272,8,5236,9168,100%,,3279,4000,39344,48000
KZN51,Республика Татарстан,Казань,Ново-Савиновский,Ново-Савиновский,Б,03.2026,Стандарт,ЖК Ривьера 5,"улица Чистопольская, 79",55.822701,49.154016,2008,9,457,1 280,24,0,24,24,24,Вертикальный 4*3,Digital (без звука),видеоролик,10,150,576,31,428544,10,12376,7757,100%,,3279,4000,78689,96000
KZN52,Республика Татарстан,Казань,Ново-Савиновский,Ново-Савиновский,Б,03.2026,Стандарт,ЖК Чистопольская 71а,"улица Чистопольская, 71А",55.820051,49.144817,2013,20,330,924,11,0,6,11,11,Горизонтальный 4*3,Digital (без звука),видеоролик,10,150,576,31,196416,21,19860,2216,100%,,3279,4000,36066,44000
KZN53,Республика Татарстан,Казань,Ново-Савиновский,Ново-Савиновский,А,03.2026,Стандарт,ЖК Синяя птица,"проспект Ямашева, 103",55.824713,49.155471,2013,18,133,372,1,1,1,0,3,Вертикальный 4*3,Digital (без звука),видеоролик,10,150,576,31,17856,8,3002,1333,100%,,3279,4000,3279,4000
KZN54,Республика Татарстан,Казань,Приволжский,Приволжский 1( Горки),А,03.2026,Стандарт,ЖК На проспекте Победы,"проспект Победы, 15к2",55.746360,49.198842,1995,14,96,269,1,0,1,1,2,Горизонтальный 4*3,Digital (без звука),видеоролик,10,150,576,31,17856,8,2022,1978,100%,,3279,4000,3279,4000
KZN54,Республика Татарстан,Казань,Приволжский,Приволжский 1( Горки),А,03.2026,Стандарт,ЖК На проспекте Победы,"проспект Победы, 15к3",55.746405,49.199354,1995,14,96,269,1,0,1,1,2,Горизонтальный 4*3,Digital (без звука),видеоролик,10,150,576,31,17856,8,2022,1978,100%,,3279,4000,3279,4000
KZN55,Республика Татарстан,Казань,Кировский ,Кировский_Московский_Авиастрой_Вахитовский,Б,04.2026,Стандарт,ЖК на Пилотской 39,"улица Пилотская, 39к1",55.822397,49.074443,2022,9,68,190,2,2,2,0,2,Горизонтальный 4*3,Digital (без звука),видеоролик,10,150,576,31,35712,8,1535,5213,100%,,3279,4000,6557,8000
KZN56,Республика Татарстан,Казань,Советский ,Советский 2 (Азино-1),Б,04.2026,Стандарт,ЖК на Новоселья 1,"улица Тыныч, 1",55.780846,49.238251,2011,18,179,501,2,2,2,0,4,Горизонтальный 4*3,Digital (без звука),видеоролик,10,150,576,31,35712,8,4040,1980,100%,,3279,4000,6557,8000
KZN56,Республика Татарстан,Казань,Советский ,Советский 2 (Азино-1),Б,04.2026,Стандарт,ЖК на Новоселья 1,"улица Новоселья, 4",55.781190,49.239643,2011,18,262,734,3,3,3,0,6,Горизонтальный 4*3,Digital (без звука),видеоролик,10,150,576,31,53568,8,5913,2029,100%,,3279,4000,9836,12000
KZN56,Республика Татарстан,Казань,Советский ,Советский 2 (Азино-1),Б,04.2026,Стандарт,ЖК на Новоселья 1,"улица Новоселья, 6",55.781145,49.241485,2011,18,262,734,3,3,3,0,6,Горизонтальный 4*3,Digital (без звука),видеоролик,10,150,576,31,53568,8,5913,2029,100%,,3279,4000,9836,12000
KZN56,Республика Татарстан,Казань,Советский ,Советский 2 (Азино-1),Б,04.2026,Стандарт,ЖК на Новоселья 1,"улица Новоселья, 10",55.780902,49.244198,2011,18,107,300,1,1,1,0,2,Горизонтальный 4*3,Digital (без звука),видеоролик,10,150,576,31,17856,8,2415,1656,100%,,3279,4000,3279,4000
KZN57,Республика Татарстан,Казань,Советский ,Советский 2 (Азино-1),Б,04.2026,Стандарт,ЖК на Новоселья 2,"улица Тыныч, 3",55.780502,49.240479,2011,18,437,1 224,5,5,5,0,10,Горизонтальный 4*3,Digital (без звука),видеоролик,10,150,576,31,89280,8,9862,2028,100%,,3279,4000,16393,20000
KZN57,Республика Татарстан,Казань,Советский ,Советский 2 (Азино-1),Б,04.2026,Стандарт,ЖК на Новоселья 2,"улица Тыныч, 8",55.779869,49.241143,2011,18,107,300,1,1,1,0,2,Горизонтальный 4*3,Digital (без звука),видеоролик,10,150,576,31,17856,8,2415,1656,100%,,3279,4000,3279,4000
KZN57,Республика Татарстан,Казань,Советский ,Советский 2 (Азино-1),Б,04.2026,Стандарт,ЖК на Новоселья 2,"улица Крутая, 2",55.780603,49.243039,2011,18,245,686,3,3,3,0,6,Горизонтальный 4*3,Digital (без звука),видеоролик,10,150,576,31,53568,8,5529,2170,100%,,3279,4000,9836,12000
KZN58,Республика Татарстан,Казань,Кировский ,Кировский_Московский_Авиастрой_Вахитовский,Б,04.2026,Стандарт,ЖК Энергия,"улица Проточная, 12",55.811563,49.086274,2024,20,433,1 212,8,0,2,8,8,Вертикальный 4*3,Digital (без звука),видеоролик,10,150,576,31,142848,21,26059,1228,100%,,3279,4000,26230,32000
KZN59,Республика Татарстан,Казань,Советский ,Советский 4 (Проспект Победы),Б,04.2026,Стандарт,ЖК Победы 78,"проспект Победы, 78",55.763807,49.220608,2000,16,1 026,2 873,13,13,13,0,26,Вертикальный 4*3,Digital (без звука),видеоролик,10,150,576,31,232128,8,23155,2246,100%,,3279,4000,42623,52000
KZN60,Республика Татарстан,Казань,Советский ,Советский 4 (Проспект Победы),Б,04.2026,Стандарт,ЖК Южный 1,"проспект Победы, 80",55.763543,49.221803,1993,10,120,336,4,4,4,0,4,Вертикальный 4*3,Digital (без звука),видеоролик,10,150,576,31,71424,8,2708,5908,100%,,3279,4000,13115,16000
KZN61,Республика Татарстан,Казань,Советский ,Советский 4 (Проспект Победы),Б,04.2026,Стандарт,ЖК Южный 2,"проспект Победы, 76",55.762753,49.221794,1993,10,80,224,2,2,2,0,2,Вертикальный 4*3,Digital (без звука),видеоролик,10,150,576,31,35712,8,1805,4431,100%,,3279,4000,6557,8000
KZN61,Республика Татарстан,Казань,Советский ,Советский 4 (Проспект Победы),Б,04.2026,Стандарт,ЖК Южный 2,"проспект Победы, 84",55.764323,49.221821,1993,10,80,224,2,2,2,0,2,Вертикальный 4*3,Digital (без звука),видеоролик,10,150,576,31,35712,8,1805,4431,100%,,3279,4000,6557,8000
KZN61,Республика Татарстан,Казань,Советский ,Советский 4 (Проспект Победы),Б,04.2026,Стандарт,ЖК Южный 2,"проспект Победы, 88",55.765053,49.221767,1993,9,54,151,2,2,2,0,2,Вертикальный 4*3,Digital (без звука),видеоролик,10,150,576,31,35712,8,1219,6565,100%,,3279,4000,6557,8000
KZN62,Республика Татарстан,Казань,Советский ,Советский 4 (Проспект Победы),Б,04.2026,Стандарт,ЖК Южный 3,"проспект Победы, 98",55.768355,49.221776,1993,9,54,151,2,2,2,0,2,Вертикальный 4*3,Digital (без звука),видеоролик,10,150,576,31,35712,8,1219,6565,100%,,3279,4000,6557,8000
KZN62,Республика Татарстан,Казань,Советский ,Советский 4 (Проспект Победы),Б,04.2026,Стандарт,ЖК Южный 3,"проспект Победы, 102",55.769332,49.221830,1993,9,54,151,2,2,2,0,2,Вертикальный 4*3,Digital (без звука),видеоролик,10,150,576,31,35712,8,1219,6565,100%,,3279,4000,6557,8000
KZN62,Республика Татарстан,Казань,Советский ,Советский 4 (Проспект Победы),Б,04.2026,Стандарт,ЖК Южный 3,"проспект Победы, 106",55.770309,49.221821,1993,10,54,151,2,2,2,0,2,Вертикальный 4*3,Digital (без звука),видеоролик,10,150,576,31,35712,8,1219,6565,100%,,3279,4000,6557,8000
KZN63,Республика Татарстан,Казань,Советский ,Советский 4 (Проспект Победы),Б,04.2026,Стандарт,ЖК Победы-100,"проспект Победы, 100",55.768891,49.220832,2000,15,876,2 453,12,12,7,0,16,Вертикальный 4*3,Digital (без звука),видеоролик,10,150,576,31,214272,14,33891,1416,100%,,3279,4000,39344,48000
KZN64,Республика Татарстан,Казань,Ново-Савиновский,Ново-Савиновский,А,04.2026,Стандарт,ЖК на Ямашева 1,"проспект Ямашева, 83",55.826104,49.142679,2000,15,88,246,2,2,1,0,2,Вертикальный 4*3,Digital (без звука),видеоролик,10,150,576,31,35712,16,3972,2014,100%,,3279,4000,6557,8000
KZN65,Республика Татарстан,Казань,Ново-Савиновский,Ново-Савиновский,Б,04.2026,Стандарт,ЖК Белая бабочка,"улица Адоратского, 4А",55.824971,49.148743,2012,16,345,966,12,0,6,12,12,Вертикальный 4*3,Digital (без звука),видеоролик,10,150,576,31,214272,17,16610,2890,100%,,3279,4000,39344,48000
KZN66,Республика Татарстан,Казань,Вахитовский ,Кировский_Московский_Авиастрой_Вахитовский,Б,04.2026,Стандарт,ЖК Резиденция Мон,"улица Чернышевского, 32к1",55.790555,49.103935,2026,5,66,185,5,0,5,5,5,Вертикальный 4*3,Digital (без звука),видеоролик,10,150,576,31,89280,5,993,20141,100%,,3279,4000,16393,20000
KZN66,Республика Татарстан,Казань,Вахитовский,Кировский_Московский_Авиастрой_Вахитовский,Б,04.2026,Стандарт,ЖК Резиденция Мон,"улица Чернышевского, 32к2",55.790094,49.103701,2026,6,81,227,2,0,2,2,2,Вертикальный 4*3,Digital (без звука),видеоролик,10,150,576,31,35712,6,1462,5470,100%,,3279,4000,6557,8000
KZN66,Республика Татарстан,Казань,Вахитовский,Кировский_Московский_Авиастрой_Вахитовский,Б,04.2026,Стандарт,ЖК Резиденция Мон,"улица Чернышевского, 32к3",55.789168,49.104258,2026,6,74,207,4,0,2,4,4,Вертикальный 4*3,Digital (без звука),видеоролик,10,150,576,31,71424,6,1336,11976,100%,,3279,4000,13115,16000
KZN67,Республика Татарстан,Казань,Кировский,Кировский_Московский_Авиастрой_Вахитовский,А,05.2026,Стандарт,ЖК на Серова 48,"улица Серова, 48",55.822948,49.075189,2026,10,72,202,2,2,2,0,2,Вертикальный 4*3,Digital (без звука),видеоролик,10,150,576,31,35712,8,1625,4923,100%,,3279,4000,6557,8000
KZN67,Республика Татарстан,Казань,Кировский,Кировский_Московский_Авиастрой_Вахитовский,А,05.2026,Стандарт,ЖК на Серова 48,"улица Серова, 48к3",55.823120,49.074596,2026,10,41,115,1,1,1,0,1,Вертикальный 4*3,Digital (без звука),видеоролик,10,150,576,31,17856,8,925,4323,100%,,3279,4000,3279,4000
KZN68,Республика Татарстан,Казань,Ново-Савиновский,Ново-Савиновский,Б,05.2026,Стандарт,ЖК на Четаева 14/14а,"улица Четаева, 14",55.823328,49.143110,2019,18,136,381,2,0,1,2,2,Вертикальный 4*3,Digital (без звука),видеоролик,10,150,576,31,35712,19,7366,1086,100%,,3279,4000,6557,8000
KZN68,Республика Татарстан,Казань,Ново-Савиновский,Ново-Савиновский,А,05.2026,Стандарт,ЖК на Четаева 14/14а,"улица Четаева, 14А",55.822756,49.143119,2019,18,142,398,2,0,1,2,2,Вертикальный 4*3,Digital (без звука),видеоролик,10,150,576,31,35712,19,7691,1040,100%,,3279,4000,6557,8000
KZN69,Республика Татарстан,Казань,Советский,Советский 3 Азино-2,А,06.2026,Стандарт,"ЖК на ""Фучика 96""","улица Юлиуса Фучика, 96",55.768694,49.232636,1996,9,166,465,4,4,4,0,4,Вертикальный 4*3,Digital (без звука),видеоролик,10,150,576,31,71424,8,3746,4271,100%,,3279,4000,13115,16000
KZN70,Республика Татарстан,Казань,Советский ,Приволжский 1( Горки),А,06.2026,Комфорт,ЖК на Завойского 1,"улица Академика Завойского, 17",55.760043,49.238421,2012,9,338,946,6,6,6,0,6,Вертикальный 4*3,Digital (без звука),видеоролик,10,150,576,31,107136,8,7628,3146,100%,,3279,4000,19672,24000
KZN84,Республика Татарстан,Казань,Советский,Приволжский 1( Горки),А,06.2026,Комфорт,ЖК на Завойского 2,"улица Академика Завойского, 17А (с 1 по 5 под)",55.760504,49.236760,2012,9,399,1 117,5,5,9,0,9,Вертикальный 4*3,Digital (без звука),видеоролик,10,150,576,31,89280,4,5003,3998,100%,,3279,4000,16393,20000
KZN85,Республика Татарстан,Казань,Советский,Приволжский 1( Горки),А,06.2026,Комфорт,ЖК на Завойского 3,"улица Академика Завойского, 17А (с 6 по 9 под)",55.760504,49.236760,2012,9,399,1 117,4,4,9,0,9,Вертикальный 4*3,Digital (без звука),видеоролик,10,150,576,31,71424,4,4002,3998,100%,,3279,4000,13115,16000
KZN71,Республика Татарстан,Казань,Кировский ,Кировский_Московский_Авиастрой_Вахитовский,А,06.2026,Комфорт,ЖК Огни Казани,"улица Дружинная, 3",55.816874,49.083588,2009,16,96,269,2,0,1,2,2,Вертикальный 4*3,Digital (без звука),видеоролик,10,150,576,31,35712,17,4622,1731,100%,,3279,4000,6557,8000
KZN72,Республика Татарстан,Казань,Приволжский,Приволжский 1( Горки),А,06.2026,Комфорт,ЖК Изумрудный город,"улица Салиха Батыева, 9",55.752901,49.245734,2013,10,108,302,3,0,3,3,3,Вертикальный 4*3,Digital (без звука),видеоролик,10,150,576,31,53568,11,3250,3693,100%,,3279,4000,9836,12000
KZN73,Республика Татарстан,Казань,Авиастроительный,Кировский_Московский_Авиастрой_Вахитовский,А,05.2026,Комфорт,ЖК Яркий,"улица Тэцевская, 4Д",55.851000,49.062513,2020,8,717,2 008,17,0,17,17,2,Вертикальный 4*3,Digital (без звука),видеоролик,10,150,576,31,303552,73,146710,463,100%,,3279,4000,55738,68000
KZN74,Республика Татарстан,Казань,Советский,Советский 2 (Азино-1),А,07.2026,Комфорт,ЖК  Победы 126а,"проспект Победы, 126А",55.778922,49.223024,2004,14,83,232,1,1,1,0,2,Вертикальный 4*3,Digital (без звука),видеоролик,10,150,576,31,17856,8,1873,2135,100%,,3279,4000,3279,4000
KZN75,Республика Татарстан,Казань,Зеленодольский ,Кировский_Московский_Авиастрой_Вахитовский,А,07.2026,Комфорт,ЖК Зимний сад - 1,"улица Спортивная, 7",55.837631,49.238969,2026,9,146,409,3,3,2,0,2,Вертикальный 4*3,Digital (без звука),видеоролик,10,150,576,31,53568,12,4942,2428,100%,,3279,4000,9836,12000
KZN76,Республика Татарстан,Казань,Зеленодольский ,Кировский_Московский_Авиастрой_Вахитовский,А,07.2026,Комфорт,ЖК Зимний сад - 2,"улица Спортивная, 9",55.872450,48.872214,2026,9,147,412,3,3,2,0,2,Вертикальный 4*3,Digital (без звука),видеоролик,10,150,576,31,53568,12,4976,2411,100%,,3279,4000,9836,12000
KZN76,Республика Татарстан,Казань,Зеленодольский ,Кировский_Московский_Авиастрой_Вахитовский,А,07.2026,Комфорт,ЖК Зимний сад - 2,"улица Спортивная, 10",55.872753,48.873562,2026,9,147,412,3,3,3,0,3,Вертикальный 4*3,Digital (без звука),видеоролик,10,150,576,31,53568,8,3317,3617,100%,,3279,4000,9836,12000
KZN77,Республика Татарстан,Казань,Зеленодольский ,Кировский_Московский_Авиастрой_Вахитовский,А,07.2026,Комфорт,ЖК Зимний сад - 3,"улица Спортивная, 8",55.872021,48.873418,2026,9,147,412,3,3,3,0,3,Вертикальный 4*3,Digital (без звука),видеоролик,10,150,576,31,53568,8,3317,3617,100%,,3279,4000,9836,12000
KZN78,Республика Татарстан,Казань,Зеленодольский ,Кировский_Московский_Авиастрой_Вахитовский,А,07.2026,Комфорт,ЖК Аура - 1,"улица Спортивная, 3",55.871607,48.875089,2025,5,70,196,2,2,2,0,2,Вертикальный 4*3,Digital (без звука),видеоролик,10,150,576,31,35712,8,1580,5064,100%,,3279,4000,6557,8000
KZN78,Республика Татарстан,Казань,Зеленодольский ,Кировский_Московский_Авиастрой_Вахитовский,А,07.2026,Комфорт,ЖК Аура - 1,"улица Спортивная, 4",55.872491,48.876302,2024,5,70,196,2,2,2,0,2,Вертикальный 4*3,Digital (без звука),видеоролик,10,150,576,31,35712,8,1580,5064,100%,,3279,4000,6557,8000
KZN79,Республика Татарстан,Казань,Советский,Советский 2 (Азино-1),А,07.2026,Комфорт,ЖК на Проспекте Победы 152/33,"проспект Победы, 152/33",55.781570,49.221012,2002,19,423,1 184,5,5,5,0,2,Вертикальный 4*3,Digital (без звука),видеоролик,10,150,576,31,89280,8,9546,2095,100%,,3279,4000,16393,20000
KZN80,Республика Татарстан,Казань,Советский,Советский 2 (Азино-1),А,07.2026,Комфорт,ЖК на Проспекте Победы 156,"проспект Победы, 156/26",55.783023,49.221389,2002,16,128,358,1,1,1,0,2,Вертикальный 4*3,Digital (без звука),видеоролик,10,150,576,31,17856,8,2889,1385,100%,,3279,4000,3279,4000
KZN81,Республика Татарстан,Казань,Советский,Советский 2 (Азино-1),А,07.2026,Комфорт,ЖК на Проспекте Победы 168,"проспект Победы, 168",55.786100,49.221219,2004,14,96,269,1,1,1,0,2,Вертикальный 4*3,Digital (без звука),видеоролик,10,150,576,31,17856,8,2167,1846,100%,,3279,4000,3279,4000
KZN82,Республика Татарстан,Казань,Советский,Советский 2 (Азино-1),А,07.2026,Комфорт,ЖК на Проспекте Победы - 2,"проспект Победы, 182",55.791638,49.221210,2003,14,132,370,1,1,1,0,3,Вертикальный 4*3,Digital (без звука),видеоролик,10,150,576,31,17856,8,2979,1343,100%,,3279,4000,3279,4000
KZN82,Республика Татарстан,Казань,Советский,Советский 2 (Азино-1),А,07.2026,Комфорт,ЖК на Проспекте Победы - 2,"проспект Победы, 184",55.791977,49.221228,2003,14,132,370,1,1,1,0,3,Вертикальный 4*3,Digital (без звука),видеоролик,10,150,576,31,17856,8,2979,1343,100%,,3279,4000,3279,4000
KZN82,Республика Татарстан,Казань,Советский,Советский 2 (Азино-1),А,07.2026,Комфорт,ЖК на Проспекте Победы - 2,"проспект Победы, 186",55.792306,49.221210,2003,14,132,370,1,1,1,0,3,Вертикальный 4*3,Digital (без звука),видеоролик,10,150,576,31,17856,8,2979,1343,100%,,3279,4000,3279,4000
MSC1,Московская область,Путилково,Красногорский,продажа городом,А,11.2025,Стандарт,ЖК Путилково 1,"улица Сходненская,11",55.876243,37.396120,2015,25,27,76,6,6,5,0,12,Горизонтальный 4*3,Digital (без звука),видеоролик,10,150,576,31,107136,10,731,32823,100%,,3279,4000,19672,24000
MSC1,Московская область,Путилково,Красногорский,продажа городом,А,11.2025,Стандарт,ЖК Путилково 1,"улица Сходненская, 13",55.876688,37.393973,2015,25,960,2 688,6,6,3,0,15,Горизонтальный 4*3,Digital (без звука),видеоролик,10,150,576,31,107136,16,43331,554,100%,,3279,4000,19672,24000
MSC2,Московская область,Путилково,Красногорский,продажа городом,А,12.2025,Стандарт,ЖК Путилково 2,"улица 70-летия Победы, 4",55.875789,37.393658,2016,25,293,820,3,3,6,0,9,Горизонтальный 4*3,Digital (без звука),видеоролик,10,150,576,31,53568,4,3306,3630,100%,,3279,4000,9836,12000
MSC2,Московская область,Путилково,Красногорский,продажа городом,А,12.2025,Стандарт,ЖК Путилково 2,"Спасо-Тушинский Бульвар, 8",55.874541,37.394664,2015,25,563,1 576,6,6,3,0,18,Горизонтальный 4*3,Digital (без звука),видеоролик,10,150,576,31,107136,16,25412,944,100%,,3279,4000,19672,24000
MSC2,Московская область,Путилково,Красногорский,продажа городом,А,12.2025,Стандарт,ЖК Путилково 2,"улица  70-летия Победы, 3",55.875157,37.392733,2016,15,144,403,3,3,2,0,6,Горизонтальный 4*3,Digital (без звука),видеоролик,10,150,576,31,53568,12,4875,2462,100%,,3279,4000,9836,12000
MSC3,Московская область,Путилково,Красногорский,продажа городом,А,12.2025,Комфорт,ЖК Путилково 3,"улица Сходненская, 5 ",55.875859,37.400234,2015,25,192,538,2,2,6,0,6,Горизонтальный 4*3,Digital (без звука),видеоролик,10,150,576,31,35712,3,1444,5539,100%,,3279,4000,6557,8000
MSC3,Московская область,Путилково,Красногорский,продажа городом,А,12.2025,Комфорт,ЖК Путилково 3,"Спасо-Тушинский Бульвар, 5",55.874026,37.396847,2015,25,544,1 523,6,6,5,0,18,Горизонтальный 4*3,Digital (без звука),видеоролик,10,150,576,31,107136,10,14732,1629,100%,,3279,4000,19672,24000
MSC3,Московская область,Путилково,Красногорский,продажа городом,А,12.2025,Комфорт,ЖК Путилково 3,"улица Сходненская, 35",55.872031,37.396263,2018,22,542,1 518,5,5,3,0,15,Горизонтальный 4*3,Digital (без звука),видеоролик,10,150,576,31,89280,13,20386,981,100%,,3279,4000,16393,20000
MSC4,Московская область,Путилково,Красногорский,продажа городом,А,02.2026,Комфорт,ЖК Путилково 4,"улица Сходненская, 23",55.874501,37.390092,2015,22,252,706,3,3,4,0,9,Горизонтальный 4*3,Digital (без звука),видеоролик,10,150,576,31,53568,6,4265,2813,100%,,3279,4000,9836,12000
MSC4,Московская область,Путилково,Красногорский,продажа городом,А,02.2026,Комфорт,ЖК Путилково 4,"улица Сходненская, 21",55.875046,37.388646,2016,22,342,958,4,4,4,0,12,Горизонтальный 4*3,Digital (без звука),видеоролик,10,150,576,31,71424,8,7718,2073,100%,,3279,4000,13115,16000
MSC4,Московская область,Путилково,Красногорский,продажа городом,А,02.2026,Комфорт,ЖК Путилково 4,"улица Сходненская, 19",55.876016,37.388143,2017,22,343,960,4,4,4,0,12,Горизонтальный 4*3,Digital (без звука),видеоролик,10,150,576,31,71424,8,7741,2067,100%,,3279,4000,13115,16000
MSC5,Московская область,Одинцово,Одинцовский,продажа городом,А,11.2025,Стандарт,ЖК ​Одинцовский парк ,"улица Белорусская, 10",55.660673,37.299641,2013,20,1 253,3 508,11,11,11,0,22,Горизонтальный 4*3,Digital (без звука),видеоролик,10,150,576,31,196416,8,28278,1556,100%,,3279,4000,36066,44000
MSC6,Московская область,Одинцово,Одинцовский,продажа городом,А,02.2026,Комфорт,ЖК Рублевский квартал,"микрорайон Город-событие, 57 ",55.701912,37.208309,2025,9,172,482,5,5,3,0,3,Горизонтальный 4*3,Digital (без звука),видеоролик,10,150,576,31,89280,13,6469,3091,100%,,3279,4000,16393,20000
MSC6,Московская область,Одинцово,Одинцовский,продажа городом,А,02.2026,Комфорт,ЖК Рублевский квартал,"микрорайон Город-событие, 60",55.702789,37.208812,2025,12,341,955,6,6,5,0,5,Горизонтальный 4*3,Digital (без звука),видеоролик,10,150,576,31,107136,10,9235,2599,100%,,3279,4000,19672,24000
MSC7,Московская область,Одинцово,Одинцовский,продажа городом,А,04.2026,Комфорт,ЖК Рублевский квартал 2,"микрорайон Город-событие, 58",55.701526,37.206719,2025,8,327,916,5,5,4,0,4,Горизонтальный 4*3,Digital (без звука),видеоролик,10,150,576,31,89280,10,9225,2168,100%,,3279,4000,16393,20000
MSC7,Московская область,Одинцово,Одинцовский,продажа городом,А,04.2026,Комфорт,ЖК Рублевский квартал 2,"микрорайон Город-событие, 59",55.702769,37.206674,2025,8,233,652,5,5,5,0,5,Горизонтальный 4*3,Digital (без звука),видеоролик,10,150,576,31,89280,8,5258,3803,100%,,3279,4000,16393,20000
MSC8,Московская область,Одинцово,Одинцовский,продажа городом,Б,05.2026,Комфорт,ТСН Садовая,"улица Садовая, 28",55.677215,37.248275,2009,24,276,773,4,2,2,2,6,Вертикальный 4*3,Digital (без звука),видеоролик,10,150,576,31,71424,17,12873,1243,100%,,3279,4000,13115,16000
MSC8,Московская область,Одинцово,Одинцовский,продажа городом,Б,05.2026,Комфорт,ТСН Садовая,"улица Садовая, 28А",55.677839,37.248733,2009,24,276,773,4,2,2,6,2,Вертикальный 4*3,Digital (без звука),видеоролик,10,150,576,31,71424,85,66025,242,100%,,3279,4000,13115,16000
MSC9,Московская область,Одинцово,Одинцовский,продажа городом,Б,06.2026,Стандарт,ЖК Чистяковой,"улица Чистяковой, 67",55.700791,37.320428,2014,22,336,941,4,4,2,0,6,Вертикальный 4*3,Digital (без звука),видеоролик,10,150,576,31,71424,16,15166,1055,100%,,3279,4000,13115,16000
MSC10,Московская область,Одинцово,Одинцовский,продажа городом,Б,07.2026,Стандарт,ЖК Чистяковой 1,"улица Чистяковой, 2",55.695793,37.330938,2005,23,826,2 313,12,12,12,0,26,Вертикальный 4*3,Digital (без звука),видеоролик,10,150,576,31,214272,8,18641,2575,100%,,3279,4000,39344,48000
MSC11,Московская область,Одинцово,Одинцовский,продажа городом,Б,07.2026,Стандарт,ЖК Чистяковой 2,"улица Чистяковой, 6",55.694799,37.329752,2004,24,368,1 030,2,2,2,0,8,Вертикальный 4*3,Digital (без звука),видеоролик,10,150,576,31,35712,8,8305,963,100%,,3279,4000,6557,8000
MSC11,Московская область,Одинцово,Одинцовский,продажа городом,Б,07.2026,Стандарт,ЖК Чистяковой 2,"улица Чистяковой, 8",55.693952,37.327587,2005,24,368,1 030,2,2,2,0,8,Вертикальный 4*3,Digital (без звука),видеоролик,10,150,576,31,35712,8,8305,963,100%,,3279,4000,6557,8000
MSC11,Московская область,Одинцово,Одинцовский,продажа городом,Б,07.2026,Стандарт,ЖК Чистяковой 2,"улица Чистяковой, 12",55.696235,37.328548,2004,16,250,700,4,4,2,0,8,Вертикальный 4*3,Digital (без звука),видеоролик,10,150,576,31,71424,16,11284,1418,100%,,3279,4000,13115,16000
MSC12,Московская область,Одинцово,Одинцовский,продажа городом,Б,07.2026,Стандарт,ЖК Чистяковой 3,"улица Чистяковой, 14",55.694611,37.327057,2005,24,368,1 030,2,2,2,0,8,Вертикальный 4*3,Digital (без звука),видеоролик,10,150,576,31,35712,8,8305,963,100%,,3279,4000,6557,8000
MSC12,Московская область,Одинцово,Одинцовский,продажа городом,Б,07.2026,Стандарт,ЖК Чистяковой 3,"улица Чистяковой, 16",55.695494,37.326348,2005,24,368,1 030,2,2,2,0,8,Вертикальный 4*3,Digital (без звука),видеоролик,10,150,576,31,35712,8,8305,963,100%,,3279,4000,6557,8000
MSC12,Московская область,Одинцово,Одинцовский,продажа городом,Б,07.2026,Стандарт,ЖК Чистяковой 3,"улица Чистяковой, 22",55.696098,37.325099,2005,24,177,496,1,1,1,0,4,Горизонтальный 4*3,Digital (без звука),статичный баннер,10,150,576,31,17856,8,3995,1001,100%,,3279,4000,3279,4000
MSC13,Московская область,Одинцово,Одинцовский,продажа городом,Б,07.2026,Стандарт,ЖК Чистяковой 3,"улица Чистяковой, 24",55.697001,37.324066,2005,16,125,350,2,2,2,0,4,Вертикальный 4*3,Digital (без звука),видеоролик,10,150,576,31,35712,8,2821,2836,100%,,3279,4000,6557,8000
MSC42,Московская область,Одинцово,Одинцовский,продажа городом,Б,07.2026,Стандарт,ЖК Чистяковой 4,"улица Чистяковой, 18",55.696651,37.326114,2005,23,783,2 192,11,11,11,0,24,Вертикальный 4*3,Digital (без звука),видеоролик,10,150,576,31,196416,8,17671,2490,100%,,3279,4000,36066,44000
MSC14,Московская область,Красногорск,Павшинская Пойма,продажа городом,Б,03.2026,Стандарт,ЖК Красногорск 1,"Красногорский бульвар, 17",55.819712,37.373913,2011,22,748,2 094,9,9,9,0,27,Горизонтальный 4*3,Digital (без звука),видеоролик,10,150,576,31,160704,8,16881,2133,100%,,3279,4000,29508,36000
MSC15,Московская область,Красногорск,Павшинская Пойма,продажа городом,Б,04.2026,Комфорт,ЖК Красногорск 2,"Подмосковный бульвар, 9",55.821967,37.369790,2012,22,304,851,9,4,3,5,9,Горизонтальный 4*3,Digital (без звука),видеоролик,10,150,576,31,160704,24,20328,1771,100%,,3279,4000,29508,36000
MSC16,Московская область,Красногорск,Павшинская Пойма,продажа городом,Б,07.2026,Комфорт,ЖК Красногорск 3,"Красногорский бульвар,13к2",55.815792,37.369467,2011,17,1 140,3 192,4,6,4,4,8,Вертикальный 4*3,Digital (без звука),видеоролик,10,150,576,31,71424,21,67749,236,100%,,3279,4000,13115,16000
MSC16,Московская область,Красногорск,Павшинская Пойма,продажа городом,Б,07.2026,Комфорт,ЖК Красногорск 3,"Красногорский бульвар, 23к1",55.826736,37.373329,2011,17,1 140,3 192,2,6,3,4,12,Вертикальный 4*3,Digital (без звука),видеоролик,10,150,576,31,35712,22,70894,113,100%,,3279,4000,6557,8000
MSC16,Московская область,Красногорск,Павшинская Пойма,продажа городом,Б,07.2026,Комфорт,ЖК Красногорск 3,"Подмосковный бульвар, 5",55.821077,37.367544,2011,17,1 140,3 192,4,6,2,4,4,Вертикальный 4*3,Digital (без звука),видеоролик,10,150,576,31,71424,42,135498,118,100%,,3279,4000,13115,16000
MSC17,Московская область,Мисайлово,Ленинский,продажа городом,Б,03.2026,Комфорт,ЖК Пригород Лесное 1,"Пригородное шоссе, 6",55.557339,37.803598,2024,18,341,955,4,4,4,0,8,Горизонтальный 4*3,Digital (без звука),видеоролик,10,150,576,31,71424,8,7696,2079,100%,,3279,4000,13115,16000
MSC17,Московская область,Мисайлово,Ленинский ,продажа городом,Б,03.2026,Комфорт,ЖК Пригород Лесное 1,"Пригородное шоссе, 8",55.556924,37.804329,2023,17,341,955,3,3,3,0,6,Горизонтальный 4*3,Digital (без звука),видеоролик,10,150,576,31,53568,8,7696,1559,100%,,3279,4000,9836,12000
MSC17,Московская область,Мисайлово,Ленинский ,продажа городом,Б,03.2026,Комфорт,ЖК Пригород Лесное 1,"Пригородное шоссе, 12",55.556815,37.805385,2024,18,305,854,4,4,4,0,8,Горизонтальный 4*3,Digital (без звука),видеоролик,10,150,576,31,71424,8,6883,2324,100%,,3279,4000,13115,16000
MSC18,Московская область,Мисайлово,Ленинский ,продажа городом,Б,03.2026,Комфорт,ЖК Пригород Лесное 2,"Пригородное шоссе, 18",55.555772,37.808255,2024,18,305,854,4,4,4,0,8,Горизонтальный 4*3,Digital (без звука),видеоролик,10,150,576,31,71424,8,6883,2324,100%,,3279,4000,13115,16000
MSC18,Московская область,Мисайлово,Ленинский ,продажа городом,Б,03.2026,Комфорт,ЖК Пригород Лесное 2,"Пригородное шоссе, 20",55.555548,37.809032,2022,18,466,1 305,4,4,4,0,8,Горизонтальный 4*3,Digital (без звука),видеоролик,10,150,576,31,71424,8,10517,1521,100%,,3279,4000,13115,16000
MSC18,Московская область,Мисайлово,Ленинский ,продажа городом,Б,03.2026,Комфорт,ЖК Пригород Лесное 2,"Пригородное шоссе, 22",55.555239,37.809964,2024,18,418,1 170,3,3,4,0,8,Горизонтальный 4*3,Digital (без звука),видеоролик,10,150,576,31,53568,6,7075,1696,100%,,3279,4000,9836,12000
MSC19,Московская область,Мисайлово,Ленинский ,продажа городом,Б,03.2026,Комфорт,ЖК Пригород Лесное 3,"Пригородное шоссе, 14",55.556189,37.806075,2023,18,140,392,2,2,4,0,3,Горизонтальный 4*3,Digital (без звука),видеоролик,10,150,576,31,35712,4,1580,5064,100%,,3279,4000,6557,8000
MSC19,Московская область,Мисайлово,Ленинский,продажа городом,Б,03.2026,Комфорт,ЖК Пригород Лесное 3,"Пригородное шоссе, 16",55.556554,37.807727,2017,18,352,986,2,2,4,0,8,Горизонтальный 4*3,Digital (без звука),видеоролик,10,150,576,31,35712,4,3972,2014,100%,,3279,4000,6557,8000
MSC19,Московская область,Мисайлово,Ленинский,продажа городом,Б,03.2026,Комфорт,ЖК Пригород Лесное 3,"улица Имени Л.И Гоман, 2",55.555499,37.805427,2023,18,144,403,1,1,1,0,3,Горизонтальный 4*3,Digital (без звука),видеоролик,10,150,576,31,17856,8,3250,1231,100%,,3279,4000,3279,4000
MSC19,Московская область,Мисайлово,Ленинский,продажа городом,Б,03.2026,Комфорт,ЖК Пригород Лесное 3,"улица Имени Л.И Гоман, 4",55.554837,37.804822,2023,18,176,493,1,1,1,0,3,Горизонтальный 4*3,Digital (без звука),видеоролик,10,150,576,31,17856,8,3972,1007,100%,,3279,4000,3279,4000
MSC19,Московская область,Мисайлово,Ленинский,продажа городом,Б,03.2026,Комфорт,ЖК Пригород Лесное 3,"улица Имени Л.И Гоман, 10",55.554609,37.803186,2023,18,176,493,1,1,1,0,3,Горизонтальный 4*3,Digital (без звука),видеоролик,10,150,576,31,17856,8,3972,1007,100%,,3279,4000,3279,4000
MSC20,Московская область,Мисайлово,Ленинский,продажа городом,Б,03.2026,Комфорт,ЖК Пригород Лесное 4,"улица Имени Л.И Гоман, 8",55.553887,37.804061,2024,18,352,986,2,2,2,0,6,Горизонтальный 4*3,Digital (без звука),видеоролик,10,150,576,31,35712,8,7944,1007,100%,,3279,4000,6557,8000
MSC20,Московская область,Мисайлово,Ленинский,продажа городом,Б,03.2026,Комфорт,ЖК Пригород Лесное 4,"улица Имени Л.И Гоман, 3 ",55.5541,37.805541,2024,18,352,986,2,2,2,0,6,Горизонтальный 4*3,Digital (без звука),видеоролик,10,150,576,31,35712,8,7944,1007,100%,,3279,4000,6557,8000
MSC20,Московская область,Мисайлово,Ленинский,продажа городом,Б,03.2026,Комфорт,ЖК Пригород Лесное 4,"улица Имени Л.И Гоман, 5",55.553331,37.806025,2024,18,466,1 305,4,4,4,0,8,Горизонтальный 4*3,Digital (без звука),видеоролик,10,150,576,31,71424,8,10517,1521,100%,,3279,4000,13115,16000
MSC21,Московская область,Мисайлово,Ленинский,продажа городом,Б,04.2026,Комфорт,ЖК Пригород Лесное 5,"улица С.П. Корнусова, 3",55.554956,37.802005,2023,17,176,493,1,1,1,0,3,Горизонтальный 4*3,Digital (без звука),видеоролик,10,150,576,31,17856,8,3972,1007,100%,,3279,4000,3279,4000
MSC21,Московская область,Мисайлово,Ленинский,продажа городом,Б,04.2026,Комфорт,ЖК Пригород Лесное 5,"Пригородное шоссе, 2",55.557876,37.801769,2023,17,576,1 613,4,4,5,0,10,Горизонтальный 4*3,Digital (без звука),видеоролик,10,150,576,31,71424,6,10399,1539,100%,,3279,4000,13115,16000
MSC21,Московская область,Мисайлово,Ленинский,продажа городом,Б,04.2026,Комфорт,ЖК Пригород Лесное 5,"Пригородное шоссе, 4",55.557461,37.802499,2023,17,341,955,3,3,4,0,8,Горизонтальный 4*3,Digital (без звука),видеоролик,10,150,576,31,53568,6,5772,2079,100%,,3279,4000,9836,12000
MSC22,Московская область,Мисайлово,Ленинский,продажа городом,Б,06.2026,Комфорт,ЖК Пригород Лесное 6,"улица Луговая, 4",55.55363,37.819817,2024,17,621,1 739,8,8,8,0,16,Горизонтальный 4*3,Digital (без звука),видеоролик,10,150,576,31,142848,8,14015,2283,100%,,3279,4000,26230,32000
MSC22,Московская область,Мисайлово,Ленинский,продажа городом,Б,06.2026,Комфорт,ЖК Пригород Лесное 6,"улица Луговая, 2",55.554747,37.819848,2024,17,304,851,3,3,3,0,6,Горизонтальный 4*3,Digital (без звука),видеоролик,10,150,576,31,53568,8,6861,1749,100%,,3279,4000,9836,12000
MSC23,Московская область,Мисайлово,Ленинский,продажа городом,Б,06.2026,Комфорт,ЖК Пригород Лесное 7,"улица Филипова, 10",55.553632,37.807472,2024,17,521,1 459,4,4,4,0,8,Горизонтальный 4*3,Digital (без звука),видеоролик,10,150,576,31,71424,8,11758,1361,100%,,3279,4000,13115,16000
MSC23,Московская область,Мисайлово,Ленинский,продажа городом,Б,06.2026,Комфорт,ЖК Пригород Лесное 7,"улица Филипова, 8",55.552819,37.80777,2024,17,352,986,3,3,2,0,6,Горизонтальный 4*3,Digital (без звука),видеоролик,10,150,576,31,53568,12,11916,1007,100%,,3279,4000,9836,12000
MSC23,Московская область,Мисайлово,Ленинский,продажа городом,Б,06.2026,Комфорт,ЖК Пригород Лесное 7,"улица Филипова, 6",55.552419,37.808371,2024,17,352,986,1,1,4,0,8,Горизонтальный 4*3,Digital (без звука),видеоролик,10,150,576,31,17856,2,1986,2014,100%,,3279,4000,3279,4000
MSC23,Московская область,Мисайлово,Ленинский,продажа городом,Б,06.2026,Комфорт,ЖК Пригород Лесное 7,"улица Филипова, 4",55.553089,37.808984,2024,17,176,493,1,1,1,0,3,Горизонтальный 4*3,Digital (без звука),видеоролик,10,150,576,31,17856,8,3972,1007,100%,,3279,4000,3279,4000
MSC23,Московская область,Мисайлово,Ленинский,продажа городом,Б,06.2026,Комфорт,ЖК Пригород Лесное 7,"Пригородное шоссе, 24",55.554842,37.810663,2024,17,352,986,2,2,2,0,6,Горизонтальный 4*3,Digital (без звука),видеоролик,10,150,576,31,35712,8,7944,1007,100%,,3279,4000,6557,8000
MSC24,Московская область,Мисайлово,Ленинский,продажа городом,Б,06.2026,Комфорт,ЖК Пригород Лесное 8,"улица Современников, 5",55.553816,37.816999,2024,17,658,1 842,5,5,5,0,10,Горизонтальный 4*3,Digital (без звука),видеоролик,10,150,576,31,89280,8,14850,1347,100%,,3279,4000,16393,20000
MSC24,Московская область,Мисайлово,Ленинский,продажа городом,Б,06.2026,Комфорт,ЖК Пригород Лесное 8,"Пригородное шоссе, 28",55.555276,37.818166,2024,17,407,1 140,3,3,3,0,6,Горизонтальный 4*3,Digital (без звука),видеоролик,10,150,576,31,53568,8,9185,1306,100%,,3279,4000,9836,12000
MSC25,Московская область,Мисайлово,Ленинский,продажа городом,Б,06.2026,Комфорт,ЖК Пригород Лесное 9,"улица Современников, 3",55.553595,37.815212,2024,17,304,851,6,6,3,0,6,Горизонтальный 4*3,Digital (без звука),видеоролик,10,150,576,31,107136,16,13721,1749,100%,,3279,4000,19672,24000
MSC25,Московская область,Мисайлово,Ленинский,продажа городом,Б,06.2026,Комфорт,ЖК Пригород Лесное 9,"улица Современников, 7",55.554458,37.818194,2024,17,256,717,3,3,1,0,3,Горизонтальный 4*3,Digital (без звука),видеоролик,10,150,576,31,53568,24,17332,692,100%,,3279,4000,9836,12000
MSC26,Московская область,Внуково,Новая Москва,продажа городом,А,05.2026,Комфорт,ЖК Новое Внуково 1,"улица Аэростатная, 6к1",55.588558,37.171838,2023,15,259,725,1,1,3,0,6,Горизонтальный 4*3,Digital (без звука),видеоролик,10,150,576,31,17856,3,1948,2053,100%,,3279,4000,3279,4000
MSC26,Московская область,Внуково,Новая Москва,продажа городом,А,05.2026,Комфорт,ЖК Новое Внуково 1,"улица Аэростатная, 6к2",55.589514,37.171907,2023,15,233,652,2,2,3,0,6,Горизонтальный 4*3,Digital (без звука),видеоролик,10,150,576,31,35712,5,3506,2282,100%,,3279,4000,6557,8000
MSC26,Московская область,Внуково,Новая Москва,продажа городом,А,05.2026,Комфорт,ЖК Новое Внуково 1,"улица Аэростатная, 6к4",55.589428,37.170902,2023,15,143,400,3,3,2,0,4,Горизонтальный 4*3,Digital (без звука),видеоролик,10,150,576,31,53568,12,4841,2479,100%,,3279,4000,9836,12000
MSC26,Московская область,Внуково,Новая Москва,продажа городом,А,05.2026,Комфорт,ЖК Новое Внуково 1,"улица Аэростатная, 6к4",55.589428,37.170902,2023,15,143,400,1,1,2,0,4,Вертикальный 4*3,Digital (без звука),видеоролик,10,150,576,31,17856,4,1614,2479,100%,,3279,4000,3279,4000
MSC27,Московская область,Внуково,Новая Москва,продажа городом,А,05.2026,Комфорт,ЖК Новое Внуково 2,"улица Аэростатная, 6к3",55.588504,37.170789,2023,15,143,400,1,1,2,0,4,Вертикальный 4*3,Digital (без звука),видеоролик,10,150,576,31,17856,4,1614,2479,100%,,3279,4000,3279,4000
MSC27,Московская область,Внуково,Новая Москва,продажа городом,А,05.2026,Комфорт,ЖК Новое Внуково 2,"улица Аэростатная, 6к5",55.588438,37.169761,2023,15,143,400,1,1,2,0,4,Вертикальный 4*3,Digital (без звука),видеоролик,10,150,576,31,17856,4,1614,2479,100%,,3279,4000,3279,4000
MSC27,Московская область,Внуково,Новая Москва,продажа городом,А,05.2026,Комфорт,ЖК Новое Внуково 2,"улица Аэростатная, 6к6",55.588945,37.169319,2023,15,143,400,1,1,1,0,3,Вертикальный 4*3,Digital (без звука),видеоролик,10,150,576,31,17856,8,3227,1239,100%,,3279,4000,3279,4000
MSC27,Московская область,Внуково,Новая Москва,продажа городом,А,05.2026,Комфорт,ЖК Новое Внуково 2,"улица Аэростатная, 12к1",55.587824,37.167402,2023,15,234,655,3,3,3,0,9,Вертикальный 4*3,Digital (без звука),видеоролик,10,150,576,31,53568,8,5281,2272,100%,,3279,4000,9836,12000
MSC27,Московская область,Внуково,Новая Москва,продажа городом,А,05.2026,Комфорт,ЖК Новое Внуково 2,"улица Аэростатная, 12к3",55.588217,37.166803,2023,15,143,400,1,1,2,0,4,Вертикальный 4*3,Digital (без звука),видеоролик,10,150,576,31,17856,4,1614,2479,100%,,3279,4000,3279,4000
MSC28,Московская область,Внуково,Новая Москва,продажа городом,А,05.2026,Комфорт,ЖК Новое Внуково 3,"улица Аэростатная, 14к2",55.588194,37.165869,2023,15,234,655,1,1,3,0,9,Вертикальный 4*3,Digital (без звука),видеоролик,10,150,576,31,17856,3,1760,2272,100%,,3279,4000,3279,4000
MSC28,Московская область,Внуково,Новая Москва,продажа городом,А,05.2026,Комфорт,ЖК Новое Внуково 3,"улица Аэростатная, 14к3",55.587834,37.164991,2023,15,143,400,1,1,2,0,4,Вертикальный 4*3,Digital (без звука),видеоролик,10,150,576,31,17856,4,1614,2479,100%,,3279,4000,3279,4000
MSC28,Московская область,Внуково,Новая Москва,продажа городом,А,05.2026,Комфорт,ЖК Новое Внуково 3,"улица Аэростатная, 14к1",55.587496,37.166223,2023,15,247,692,3,3,3,0,6,Вертикальный 4*3,Digital (без звука),видеоролик,10,150,576,31,53568,8,5574,2153,100%,,3279,4000,9836,12000
MSC28,Московская область,Внуково,Новая Москва,продажа городом,А,05.2026,Комфорт,ЖК Новое Внуково 3,"улица Стожарова, 11",55.588519,37.164156,2023,15,338,946,3,3,3,0,9,Вертикальный 4*3,Digital (без звука),видеоролик,10,150,576,31,53568,8,7628,1573,100%,,3279,4000,9836,12000
MSC29,Московская область,Внуково,Новая Москва,продажа городом,А,05.2026,Комфорт,ЖК Новое Внуково 4,"улица Аэростатная, 12к2",55.588624,37.167796,2023,15,234,655,2,2,3,0,9,Вертикальный 4*3,Digital (без звука),видеоролик,10,150,576,31,35712,5,3521,2272,100%,,3279,4000,6557,8000
MSC29,Московская область,Внуково,Новая Москва,продажа городом,А,05.2026,Комфорт,ЖК Новое Внуково 4,"улица Стожарова, 5",55.589243,37.167317,2023,15,143,400,1,1,2,0,4,Вертикальный 4*3,Digital (без звука),видеоролик,10,150,576,31,17856,4,1614,2479,100%,,3279,4000,3279,4000
MSC29,Московская область,Внуково,Новая Москва,продажа городом,А,05.2026,Комфорт,ЖК Новое Внуково 4,"улица Стожарова, 7",55.589059,37.166091,2023,15,247,692,3,3,3,0,6,Вертикальный 4*3,Digital (без звука),видеоролик,10,150,576,31,53568,8,5574,2153,100%,,3279,4000,9836,12000
MSC29,Московская область,Внуково,Новая Москва,продажа городом,А,05.2026,Комфорт,ЖК Новое Внуково 4,"улица Стожарова, 9",55.588757,37.165378,2023,15,130,364,1,1,2,0,4, Вертикальный 4*3,Digital (без звука),видеоролик,10,150,576,31,17856,4,1467,2727,100%,,3279,4000,3279,4000
MSC30,Московская область,Щербинка,Щербинка,продажа городом,Б,06.2026,Комфорт,ЖК Алхимово №1,"улица Уточкина, 5 к1",55.47381,37.526833,2023,12,1 068,2 990,3,3,3,0,6,Вертикальный 4*3,Digital (без звука),видеоролик,10,150,576,31,53568,8,24103,498,100%,,3279,4000,9836,12000
MSC30,Московская область,Щербинка,Щербинка,продажа городом,Б,06.2026,Комфорт,ЖК Алхимово №1,"улица Уточкина, 5 к2",55.47469,37.525942,2023,12,1 068,2 990,6,6,6,0,12, Вертикальный 4*3,Digital (без звука),видеоролик,10,150,576,31,107136,8,24103,996,100%,,3279,4000,19672,24000
MSC31,Московская область,Щербинка,Щербинка,продажа городом,Б,06.2026,Комфорт,ЖК Алхимово №2,"улица Уточкина, 7к1",55.475169,37.525208,2022,12,300,840,6,6,6,0,12, Вертикальный 4*3,Digital (без звука),видеоролик,10,150,576,31,107136,8,6770,3545,100%,,3279,4000,19672,24000
MSC31,Московская область,Щербинка,Щербинка,продажа городом,Б,06.2026,Комфорт,ЖК Алхимово №2,"улица Уточкина, 7к2",55.476041,37.525477,2022,14,346,969,4,4,4,0,8, Вертикальный 4*3,Digital (без звука),видеоролик,10,150,576,31,71424,8,7809,2049,100%,,3279,4000,13115,16000
MSC32,Московская область,Щербинка,Щербинка,продажа городом,Б,06.2026,Комфорт,ЖК Алхимово №3,"улица Уточкина, 8к1",55.476582,37.526277,2022,17,792,2 218,5,5,5,0,10, Вертикальный 4*3,Digital (без звука),видеоролик,10,150,576,31,89280,8,17874,1119,100%,,3279,4000,16393,20000
MSC32,Московская область,Щербинка,Щербинка,продажа городом,Б,06.2026,Комфорт,ЖК Алхимово №3,"улица Уточкина, 8к2",55.476771,37.527426,2023,12,210,588,2,2,2,0,4, Вертикальный 4*3,Digital (без звука),видеоролик,10,150,576,31,35712,8,4739,1688,100%,,3279,4000,6557,8000
MSC33,Московская область,Щербинка,Щербинка,продажа городом,Б,06.2026,Комфорт,ЖК Алхимово №4,"улица Алхимовская, 1к1",55.475118,37.533230,2024,14,385,1 078,4,4,4,0,8, Вертикальный 4*3,Digital (без звука),видеоролик,10,150,576,31,71424,8,8689,1841,100%,,3279,4000,13115,16000
MSC33,Московская область,Щербинка,Щербинка,продажа городом,Б,06.2026,Комфорт,ЖК Алхимово №4,"улица Алхимовская, 1к2",55.474965,37.531963,2024,16,154,431,1,1,1,0,2, Вертикальный 4*3,Digital (без звука),видеоролик,10,150,576,31,17856,8,3475,1151,100%,,3279,4000,3279,4000
MSC33,Московская область,Щербинка,Щербинка,продажа городом,Б,06.2026,Комфорт,ЖК Алхимово №4,"улица Алхимовская, 1к3",55.474541,37.532897,2024,16,140,392,1,1,1,0,2, Вертикальный 4*3,Digital (без звука),видеоролик,10,150,576,31,17856,8,3160,1266,100%,,3279,4000,3279,4000
MSC34,Московская область,Щербинка,Щербинка,продажа городом,Б,06.2026,Комфорт,ЖК Алхимово №5,"улица Алхимовская, 1к4",55.474306,37.531963,2024,14,385,1 078,4,4,4,0,8, Вертикальный 4*3,Digital (без звука),видеоролик,10,150,576,31,71424,8,8689,1841,100%,,3279,4000,13115,16000
MSC34,Московская область,Щербинка,Щербинка,продажа городом,Б,06.2026,Комфорт,ЖК Алхимово №5,"улица Алхимовская, 1к5",55.474163,37.530642,2024,16,154,431,1,1,1,0,2, Вертикальный 4*3,Digital (без звука),видеоролик,10,150,576,31,17856,8,3475,1151,100%,,3279,4000,3279,4000
MSC34,Московская область,Щербинка,Щербинка,продажа городом,Б,06.2026,Комфорт,ЖК Алхимово №5,"улица Алхимовская, 1к6",55.473720,37.531631,2024,16,140,392,1,1,1,0,2, Вертикальный 4*3,Digital (без звука),видеоролик,10,150,576,31,17856,8,3160,1266,100%,,3279,4000,3279,4000
MSC35,Московская область,Щербинка,Щербинка,продажа городом,Б,06.2026,Комфорт,ЖК Остафьево- 1,"улица Красовского, 2к1",55.496409,37.520455,2023,15,199,557,2,2,2,0,4, Вертикальный 4*3,Digital (без звука),видеоролик,10,150,576,31,35712,8,4491,1781,100%,,3279,4000,6557,8000
MSC35,Московская область,Щербинка,Щербинка,продажа городом,Б,06.2026,Комфорт,ЖК Остафьево- 1,"улица Красовского, 2к2",55.495772,37.520689,2023,15,423,1 184,3,3,2,0,6, Вертикальный 4*3,Digital (без звука),видеоролик,10,150,576,31,53568,12,14319,838,100%,,3279,4000,9836,12000
MSC35,Московская область,Щербинка,Щербинка,продажа городом,Б,06.2026,Комфорт,ЖК Остафьево- 1,"улица Красовского, 2к3",55.496001,37.519261,2023,15,288,806,3,3,3,0,6, Вертикальный 4*3,Digital (без звука),видеоролик,10,150,576,31,53568,8,6500,1846,100%,,3279,4000,9836,12000
MSC36,Московская область,Щербинка,Щербинка,продажа городом,Б,06.2026,Комфорт,ЖК Остафьево- 2,"улица Логинова, 1к1",55.498117,37.518039,2023,15,535,1 498,4,4,4,0,8, Вертикальный 4*3,Digital (без звука),видеоролик,10,150,576,31,71424,8,12074,1325,100%,,3279,4000,13115,16000
MSC36,Московская область,Щербинка,Щербинка,продажа городом,Б,06.2026,Комфорт,ЖК Остафьево- 2,"улица Логинова, 1к2",55.497235,37.519054,2023,15,423,1 184,3,3,3,0,6, Вертикальный 4*3,Digital (без звука),видеоролик,10,150,576,31,53568,8,9546,1257,100%,,3279,4000,9836,12000
MSC36,Московская область,Щербинка,Щербинка,продажа городом,Б,06.2026,Комфорт,ЖК Остафьево- 2,"улица Логинова, 3",55.497587,37.517257,2022,15,293,820,2,2,2,0,4, Вертикальный 4*3,Digital (без звука),видеоролик,10,150,576,31,35712,8,6612,1210,100%,,3279,4000,6557,8000
MSC37,Московская область,Щербинка,Щербинка,продажа городом,Б,06.2026,Комфорт,ЖК Остафьево- 3,"улица Логинова, 5к1",55.496659,37.515407,2022,15,608,1 702,8,8,8,0,16, Вертикальный 4*3,Digital (без звука),видеоролик,10,150,576,31,142848,8,13721,2332,100%,,3279,4000,26230,32000
MSC38,Московская область,Щербинка,Щербинка,продажа городом,Б,06.2026,Комфорт,ЖК Остафьево- 4,"улица Логинова, 5к2",55.496348,37.517823,2022,15,674,1 887,8,8,8,0,16, Вертикальный 4*3,Digital (без звука),видеоролик,10,150,576,31,142848,8,15211,2104,100%,,3279,4000,26230,32000
MSC39,Московская область,Щербинка,Щербинка,продажа городом,Б,06.2026,Комфорт,ЖК Остафьево- 5,"улица Логинова, 7к1",55.495251,37.513485,2022,15,614,1 719,8,8,8,0,16, Вертикальный 4*3,Digital (без звука),видеоролик,10,150,576,31,142848,8,13857,2309,100%,,3279,4000,26230,32000
MSC43,Московская область,Щербинка,Щербинка,продажа городом,Б,06.2026,Комфорт,ЖК Остафьево- 6,"улица Логинова, 7к2",55.494976,37.515856,2021,15,678,1 898,8,8,8,0,16, Вертикальный 4*3,Digital (без звука),видеоролик,10,150,576,31,142848,8,15301,2091,100%,,3279,4000,26230,32000
MSC40,Московская область,Щербинка,Щербинка,продажа городом,Б,06.2026,Комфорт,ЖК Остафьево- 7,"Любучанский переулок, 1к3",55.501768,37.526169,2024,15,757,2 120,3,3,3,0,6, Вертикальный 4*3,Digital (без звука),видеоролик,10,150,576,31,53568,8,17084,702,100%,,3279,4000,9836,12000
MSC40,Московская область,Щербинка,Щербинка,продажа городом,Б,06.2026,Комфорт,ЖК Остафьево- 7,"Любучанский переулок, 1к2",55.500228,37.527561,2024,15,569,1 593,5,5,5,0,16, Горизонтальный 4*3,Digital (без звука),видеоролик,10,150,576,31,89280,8,12841,1557,100%,,3279,4000,16393,20000
MSC41,Московская область,Щербинка,Щербинка,продажа городом,Б,06.2026,Комфорт,ЖК Остафьево- 8,"Любучанский переулок, 1к1",55.500494,37.525127,2024,15,617,1 728,6,6,6,0,12, Горизонтальный 4*3,Digital (без звука),видеоролик,10,150,576,31,107136,8,13924,1724,100%,,3279,4000,19672,24000
MSC41,Московская область,Щербинка,Щербинка,продажа городом,Б,06.2026,Комфорт,ЖК Остафьево- 8,"Любучанский переулок, 1к4",55.501034,37.527732,2024,15,189,529,1,1,1,0,1, Вертикальный 4*3,Digital (без звука),видеоролик,10,150,576,31,17856,8,4265,938,100%,,3279,4000,3279,4000
,,,,,,,,,,,,,,,0,,,,,,,,,,,,,,,,,,,,,,
,,,,,,,,,,,,,,,0,,,,,,,,,,,,,,,,,,,,,,
,,,,,,,,,,,,,,,0,,,,,,,,,,,,,,,,,,,,,,
,,,,,,,,,,,,,,,0,,,,,,,,,,,,,,,,,,,,,,
,,,,,,,,,,,,,,,0,,,,,,,,,,,,,,,,,,,,,,
,,,,,,,,,,,,,,,0,,,,,,,,,,,,,,,,,,,,,,
,,,,,,,,,,,,,,,0,,,,,,,,,,,,,,,,,,,,,,
,,,,,,,,,,,,,,,0,,,,,,,,,,,,,,,,,,,,,,
,,,,,,,,,,,,,,,0,,,,,,,,,,,,,,,,,,,,,,
,,,,,,,,,,,,,,,0,,,,,,,,,,,,,,,,,,,,,,
,,,,,,,,,,,,,,,0,,,,,,,,,,,,,,,,,,,,,,
,,,,,,,,,,,,,,,0,,,,,,,,,,,,,,,,,,,,,,
,,,,,,,,,,,,,,,0,,,,,,,,,,,,,,,,,,,,,,
,,,,,,,,,,,,,,,0,,,,,,,,,,,,,,,,,,,,,,
,,,,,,,,,,,,,,,0,,,,,,,,,,,,,,,,,,,,,,
,,,,,,,,,,,,,,,0,,,,,,,,,,,,,,,,,,,,,,
,,,,,,,,,,,,,,,0,,,,,,,,,,,,,,,,,,,,,,
,,,,,,,,,,,,,,,0,,,,,,,,,,,,,,,,,,,,,,
,,,,,,,,,,,,,,,0,,,,,,,,,,,,,,,,,,,,,,
,,,,,,,,,,,,,,,0,,,,,,,,,,,,,,,,,,,,,,
,,,,,,,,,,,,,,,0,,,,,,,,,,,,,,,,,,,,,,
,,,,,,,,,,,,,,,0,,,,,,,,,,,,,,,,,,,,,,
,,,,,,,,,,,,,,,0,,,,,,,,,,,,,,,,,,,,,,
,,,,,,,,,,,,,,,0,,,,,,,,,,,,,,,,,,,,,,
,,,,,,,,,,,,,,,0,,,,,,,,,,,,,,,,,,,,,,
,,,,,,,,,,,,,,,0,,,,,,,,,,,,,,,,,,,,,,
,,,,,,,,,,,,,,,0,,,,,,,,,,,,,,,,,,,,,,
,,,,,,,,,,,,,,,0,,,,,,,,,,,,,,,,,,,,,,
,,,,,,,,,,,,,,,0,,,,,,,,,,,,,,,,,,,,,,
,,,,,,,,,,,,,,,0,,,,,,,,,,,,,,,,,,,,,,
,,,,,,,,,,,,,,,0,,,,,,,,,,,,,,,,,,,,,,
,,,,,,,,,,,,,,,0,,,,,,,,,,,,,,,,,,,,,,
,,,,,,,,,,,,,,,0,,,,,,,,,,,,,,,,,,,,,,
,,,,,,,,,,,,,,,0,,,,,,,,,,,,,,,,,,,,,,
,,,,,,,,,,,,,,,0,,,,,,,,,,,,,,,,,,,,,,
,,,,,,,,,,,,,,,0,,,,,,,,,,,,,,,,,,,,,,
,,,,,,,,,,,,,,,0,,,,,,,,,,,,,,,,,,,,,,
,,,,,,,,,,,,,,,0,,,,,,,,,,,,,,,,,,,,,,
,,,,,,,,,,,,,,,0,,,,,,,,,,,,,,,,,,,,,,
,,,,,,,,,,,,,,,0,,,,,,,,,,,,,,,,,,,,,,
,,,,,,,,,,,,,,,0,,,,,,,,,,,,,,,,,,,,,,
,,,,,,,,,,,,,,,0,,,,,,,,,,,,,,,,,,,,,,
,,,,,,,,,,,,,,,0,,,,,,,,,,,,,,,,,,,,,,
,,,,,,,,,,,,,,,0,,,,,,,,,,,,,,,,,,,,,,
,,,,,,,,,,,,,,,0,,,,,,,,,,,,,,,,,,,,,,
,,,,,,,,,,,,,,,0,,,,,,,,,,,,,,,,,,,,,,
,,,,,,,,,,,,,,,0,,,,,,,,,,,,,,,,,,,,,,
,,,,,,,,,,,,,,,0,,,,,,,,,,,,,,,,,,,,,,
,,,,,,,,,,,,,,,0,,,,,,,,,,,,,,,,,,,,,,
,,,,,,,,,,,,,,,0,,,,,,,,,,,,,,,,,,,,,,
,,,,,,,,,,,,,,,0,,,,,,,,,,,,,,,,,,,,,,
,,,,,,,,,,,,,,,0,,,,,,,,,,,,,,,,,,,,,,
,,,,,,,,,,,,,,,0,,,,,,,,,,,,,,,,,,,,,,
,,,,,,,,,,,,,,,0,,,,,,,,,,,,,,,,,,,,,,
,,,,,,,,,,,,,,,0,,,,,,,,,,,,,,,,,,,,,,
,,,,,,,,,,,,,,,0,,,,,,,,,,,,,,,,,,,,,,
,,,,,,,,,,,,,,,0,,,,,,,,,,,,,,,,,,,,,,
,,,,,,,,,,,,,,,0,,,,,,,,,,,,,,,,,,,,,,
,,,,,,,,,,,,,,,0,,,,,,,,,,,,,,,,,,,,,,
,,,,,,,,,,,,,,,0,,,,,,,,,,,,,,,,,,,,,,
,,,,,,,,,,,,,,,0,,,,,,,,,,,,,,,,,,,,,,
,,,,,,,,,,,,,,,0,,,,,,,,,,,,,,,,,,,,,,
,,,,,,,,,,,,,,,0,,,,,,,,,,,,,,,,,,,,,,
,,,,,,,,,,,,,,,0,,,,,,,,,,,,,,,,,,,,,,
,,,,,,,,,,,,,,,0,,,,,,,,,,,,,,,,,,,,,,
,,,,,,,,,,,,,,,0,,,,,,,,,,,,,,,,,,,,,,
,,,,,,,,,,,,,,,0,,,,,,,,,,,,,,,,,,,,,,
,,,,,,,,,,,,,,,0,,,,,,,,,,,,,,,,,,,,,,
,,,,,,,,,,,,,,,0,,,,,,,,,,,,,,,,,,,,,,
,,,,,,,,,,,,,,,0,,,,,,,,,,,,,,,,,,,,,,
,,,,,,,,,,,,,,,0,,,,,,,,,,,,,,,,,,,,,,
,,,,,,,,,,,,,,,0,,,,,,,,,,,,,,,,,,,,,,
,,,,,,,,,,,,,,,0,,,,,,,,,,,,,,,,,,,,,,